[2026-04-12T18:02:16.038Z]
Context: fetchAllPaginated: https://api.brasiljunior.org.br/v1/portal/Ej/flyworks-engenharia-aeronautica/role_histories?q%5Bs%5D=user_profile_name+asc%2C+start_at+desc&page=1&per_page=100
"Fetch failed with status: 500 Internal Server Error"
--------------------------------------------------
[2026-04-12T18:02:16.354Z]
Context: fetchAllPaginated: https://api.brasiljunior.org.br/v1/portal/Ej/geoplan-jr/role_histories?q%5Bs%5D=user_profile_name+asc%2C+start_at+desc&page=1&per_page=100
"Fetch failed with status: 500 Internal Server Error"
--------------------------------------------------
[2026-04-12T18:02:16.381Z]
Context: fetchAllPaginated: https://api.brasiljunior.org.br/v1/portal/Ej/l-d-engenharia/role_histories?q%5Bs%5D=user_profile_name+asc%2C+start_at+desc&page=1&per_page=100
"Fetch failed with status: 500 Internal Server Error"
--------------------------------------------------
[2026-04-12T18:02:16.389Z]
Context: fetchAllPaginated: https://api.brasiljunior.org.br/v1/portal/Ej/unijunior-sp/role_histories?q%5Bs%5D=user_profile_name+asc%2C+start_at+desc&page=1&per_page=100
"Fetch failed with status: 500 Internal Server Error"
--------------------------------------------------
[2026-04-12T18:02:16.394Z]
Context: fetchAllPaginated: https://api.brasiljunior.org.br/v1/portal/Ej/octobit-ej-comp-usprp/role_histories?q%5Bs%5D=user_profile_name+asc%2C+start_at+desc&page=1&per_page=100
"Fetch failed with status: 500 Internal Server Error"
--------------------------------------------------
[2026-04-12T18:02:16.637Z]
Context: fetchAllPaginated: https://api.brasiljunior.org.br/v1/portal/Ej/unifran-jr/role_histories?q%5Bs%5D=user_profile_name+asc%2C+start_at+desc&page=1&per_page=100
"Fetch failed with status: 500 Internal Server Error"
--------------------------------------------------
[2026-04-12T18:02:16.637Z]
Context: fetchAllPaginated: https://api.brasiljunior.org.br/v1/portal/Ej/infobio-jr/role_histories?q%5Bs%5D=user_profile_name+asc%2C+start_at+desc&page=1&per_page=100
"Fetch failed with status: 500 Internal Server Error"
--------------------------------------------------
[2026-04-12T18:02:16.652Z]
Context: fetchAllPaginated: https://api.brasiljunior.org.br/v1/portal/Ej/panaceia-jr/role_histories?q%5Bs%5D=user_profile_name+asc%2C+start_at+desc&page=1&per_page=100
"Fetch failed with status: 500 Internal Server Error"
--------------------------------------------------
[2026-04-12T18:02:16.660Z]
Context: fetchAllPaginated: https://api.brasiljunior.org.br/v1/portal/Ej/prospecta-junior/role_histories?q%5Bs%5D=user_profile_name+asc%2C+start_at+desc&page=1&per_page=100
"Fetch failed with status: 500 Internal Server Error"
--------------------------------------------------
[2026-04-12T18:02:16.663Z]
Context: fetchAllPaginated: https://api.brasiljunior.org.br/v1/portal/Ej/neo-solucoes-juridicas/role_histories?q%5Bs%5D=user_profile_name+asc%2C+start_at+desc&page=1&per_page=100
"Fetch failed with status: 500 Internal Server Error"
--------------------------------------------------
[2026-04-12T18:02:16.885Z]
Context: fetchAllPaginated: https://api.brasiljunior.org.br/v1/portal/Ej/prospect-jr-empresa-junior-de-projetos-e-consultoria-empresarial/role_histories?q%5Bs%5D=user_profile_name+asc%2C+start_at+desc&page=1&per_page=100
"Fetch failed with status: 500 Internal Server Error"
--------------------------------------------------
[2026-04-12T18:02:16.907Z]
Context: fetchAllPaginated: https://api.brasiljunior.org.br/v1/portal/Ej/tato-jr/role_histories?q%5Bs%5D=user_profile_name+asc%2C+start_at+desc&page=1&per_page=100
"Fetch failed with status: 500 Internal Server Error"
--------------------------------------------------
[2026-04-12T18:02:16.912Z]
Context: fetchAllPaginated: https://api.brasiljunior.org.br/v1/portal/Ej/technobis/role_histories?q%5Bs%5D=user_profile_name+asc%2C+start_at+desc&page=1&per_page=100
"Fetch failed with status: 500 Internal Server Error"
--------------------------------------------------
[2026-04-12T18:02:16.914Z]
Context: fetchAllPaginated: https://api.brasiljunior.org.br/v1/portal/Ej/exon-junior-saude-e-inovacao/role_histories?q%5Bs%5D=user_profile_name+asc%2C+start_at+desc&page=1&per_page=100
"Fetch failed with status: 500 Internal Server Error"
--------------------------------------------------
[2026-04-12T18:02:16.916Z]
Context: fetchAllPaginated: https://api.brasiljunior.org.br/v1/portal/Ej/quiraljr/role_histories?q%5Bs%5D=user_profile_name+asc%2C+start_at+desc&page=1&per_page=100
"Fetch failed with status: 500 Internal Server Error"
--------------------------------------------------
[2026-04-12T18:02:17.150Z]
Context: fetchAllPaginated: https://api.brasiljunior.org.br/v1/portal/Ej/salus-jr/role_histories?q%5Bs%5D=user_profile_name+asc%2C+start_at+desc&page=1&per_page=100
"Fetch failed with status: 500 Internal Server Error"
--------------------------------------------------
[2026-04-12T18:02:17.152Z]
Context: fetchAllPaginated: https://api.brasiljunior.org.br/v1/portal/Ej/biosfera-jr/role_histories?q%5Bs%5D=user_profile_name+asc%2C+start_at+desc&page=1&per_page=100
"Fetch failed with status: 500 Internal Server Error"
--------------------------------------------------
[2026-04-12T18:02:17.181Z]
Context: fetchAllPaginated: https://api.brasiljunior.org.br/v1/portal/Ej/voll-jr/role_histories?q%5Bs%5D=user_profile_name+asc%2C+start_at+desc&page=1&per_page=100
"Fetch failed with status: 500 Internal Server Error"
--------------------------------------------------
[2026-04-12T18:02:17.183Z]
Context: fetchAllPaginated: https://api.brasiljunior.org.br/v1/portal/Ej/quantis/role_histories?q%5Bs%5D=user_profile_name+asc%2C+start_at+desc&page=1&per_page=100
"Fetch failed with status: 500 Internal Server Error"
--------------------------------------------------
[2026-04-12T18:02:17.207Z]
Context: fetchAllPaginated: https://api.brasiljunior.org.br/v1/portal/Ej/biophi-jr/role_histories?q%5Bs%5D=user_profile_name+asc%2C+start_at+desc&page=1&per_page=100
"Fetch failed with status: 500 Internal Server Error"
--------------------------------------------------
[2026-04-12T18:02:17.429Z]
Context: fetchAllPaginated: https://api.brasiljunior.org.br/v1/portal/Ej/gaam-jr/role_histories?q%5Bs%5D=user_profile_name+asc%2C+start_at+desc&page=1&per_page=100
"Fetch failed with status: 500 Internal Server Error"
--------------------------------------------------
[2026-04-12T18:02:17.484Z]
Context: fetchAllPaginated: https://api.brasiljunior.org.br/v1/portal/Ej/alphamec-empresa-junior/role_histories?q%5Bs%5D=user_profile_name+asc%2C+start_at+desc&page=1&per_page=100
"Fetch failed with status: 500 Internal Server Error"
--------------------------------------------------
[2026-04-12T18:02:17.501Z]
Context: fetchAllPaginated: https://api.brasiljunior.org.br/v1/portal/Ej/agromais-jr/role_histories?q%5Bs%5D=user_profile_name+asc%2C+start_at+desc&page=1&per_page=100
"Fetch failed with status: 500 Internal Server Error"
--------------------------------------------------
[2026-04-12T18:02:17.508Z]
Context: fetchAllPaginated: https://api.brasiljunior.org.br/v1/portal/Ej/solucoes-quimicas-jr/role_histories?q%5Bs%5D=user_profile_name+asc%2C+start_at+desc&page=1&per_page=100
"Fetch failed with status: 500 Internal Server Error"
--------------------------------------------------
[2026-04-12T18:02:17.513Z]
Context: fetchAllPaginated: https://api.brasiljunior.org.br/v1/portal/Ej/psico-consultoriajunior/role_histories?q%5Bs%5D=user_profile_name+asc%2C+start_at+desc&page=1&per_page=100
"Fetch failed with status: 500 Internal Server Error"
--------------------------------------------------
[2026-04-12T18:02:17.731Z]
Context: fetchAllPaginated: https://api.brasiljunior.org.br/v1/portal/Ej/iqsc-jr/role_histories?q%5Bs%5D=user_profile_name+asc%2C+start_at+desc&page=1&per_page=100
"Fetch failed with status: 500 Internal Server Error"
--------------------------------------------------
[2026-04-12T18:02:17.801Z]
Context: fetchAllPaginated: https://api.brasiljunior.org.br/v1/portal/Ej/marie-curie-jr/role_histories?q%5Bs%5D=user_profile_name+asc%2C+start_at+desc&page=1&per_page=100
"Fetch failed with status: 500 Internal Server Error"
--------------------------------------------------
[2026-04-12T18:02:17.803Z]
Context: fetchAllPaginated: https://api.brasiljunior.org.br/v1/portal/Ej/plexus-jr/role_histories?q%5Bs%5D=user_profile_name+asc%2C+start_at+desc&page=1&per_page=100
"Fetch failed with status: 500 Internal Server Error"
--------------------------------------------------
[2026-04-12T18:02:17.805Z]
Context: fetchAllPaginated: https://api.brasiljunior.org.br/v1/portal/Ej/biocenos-jr/role_histories?q%5Bs%5D=user_profile_name+asc%2C+start_at+desc&page=1&per_page=100
"Fetch failed with status: 500 Internal Server Error"
--------------------------------------------------
[2026-04-12T18:02:17.808Z]
Context: fetchAllPaginated: https://api.brasiljunior.org.br/v1/portal/Ej/cultivar-agrojunior/role_histories?q%5Bs%5D=user_profile_name+asc%2C+start_at+desc&page=1&per_page=100
"Fetch failed with status: 500 Internal Server Error"
--------------------------------------------------
[2026-04-12T18:02:18.017Z]
Context: fetchAllPaginated: https://api.brasiljunior.org.br/v1/portal/Ej/sirius-biotecnologia-jr/role_histories?q%5Bs%5D=user_profile_name+asc%2C+start_at+desc&page=1&per_page=100
"Fetch failed with status: 500 Internal Server Error"
--------------------------------------------------
[2026-04-12T18:02:18.018Z]
Context: fetchAllPaginated: https://api.brasiljunior.org.br/v1/portal/Ej/sustec-jr/role_histories?q%5Bs%5D=user_profile_name+asc%2C+start_at+desc&page=1&per_page=100
"Fetch failed with status: 500 Internal Server Error"
--------------------------------------------------
[2026-04-12T18:02:18.021Z]
Context: fetchAllPaginated: https://api.brasiljunior.org.br/v1/portal/Ej/comunica-fono-jr/role_histories?q%5Bs%5D=user_profile_name+asc%2C+start_at+desc&page=1&per_page=100
"Fetch failed with status: 500 Internal Server Error"
--------------------------------------------------
[2026-04-12T18:02:18.264Z]
Context: fetchAllPaginated: https://api.brasiljunior.org.br/v1/portal/Ej/jurisconsultus/role_histories?q%5Bs%5D=user_profile_name+asc%2C+start_at+desc&page=1&per_page=100
"Fetch failed with status: 500 Internal Server Error"
--------------------------------------------------
[2026-04-12T18:02:18.265Z]
Context: fetchAllPaginated: https://api.brasiljunior.org.br/v1/portal/Ej/empeltec-jr/role_histories?q%5Bs%5D=user_profile_name+asc%2C+start_at+desc&page=1&per_page=100
"Fetch failed with status: 500 Internal Server Error"
--------------------------------------------------
[2026-04-12T18:02:18.472Z]
Context: fetchAllPaginated: https://api.brasiljunior.org.br/v1/portal/Ej/empsi-jr/role_histories?q%5Bs%5D=user_profile_name+asc%2C+start_at+desc&page=1&per_page=100
"Fetch failed with status: 500 Internal Server Error"
--------------------------------------------------
[2026-04-12T18:02:18.554Z]
Context: fetchAllPaginated: https://api.brasiljunior.org.br/v1/portal/Ej/consultoria-solucoes-em-biotecnologia-junior/role_histories?q%5Bs%5D=user_profile_name+asc%2C+start_at+desc&page=1&per_page=100
"Fetch failed with status: 500 Internal Server Error"
--------------------------------------------------
[2026-04-12T18:02:18.564Z]
Context: fetchAllPaginated: https://api.brasiljunior.org.br/v1/portal/Ej/emvep-jr/role_histories?q%5Bs%5D=user_profile_name+asc%2C+start_at+desc&page=1&per_page=100
"Fetch failed with status: 500 Internal Server Error"
--------------------------------------------------
[2026-04-12T18:02:18.566Z]
Context: fetchAllPaginated: https://api.brasiljunior.org.br/v1/portal/Ej/zoot-jr/role_histories?q%5Bs%5D=user_profile_name+asc%2C+start_at+desc&page=1&per_page=100
"Fetch failed with status: 500 Internal Server Error"
--------------------------------------------------
[2026-04-12T18:02:18.567Z]
Context: fetchAllPaginated: https://api.brasiljunior.org.br/v1/portal/Ej/cap-jr-consultoria/role_histories?q%5Bs%5D=user_profile_name+asc%2C+start_at+desc&page=1&per_page=100
"Fetch failed with status: 500 Internal Server Error"
--------------------------------------------------
[2026-04-12T18:02:18.767Z]
Context: fetchAllPaginated: https://api.brasiljunior.org.br/v1/portal/Ej/nutrirp/role_histories?q%5Bs%5D=user_profile_name+asc%2C+start_at+desc&page=1&per_page=100
"Fetch failed with status: 500 Internal Server Error"
--------------------------------------------------
[2026-04-12T18:02:18.820Z]
Context: fetchAllPaginated: https://api.brasiljunior.org.br/v1/portal/Ej/atom-jr/role_histories?q%5Bs%5D=user_profile_name+asc%2C+start_at+desc&page=1&per_page=100
"Fetch failed with status: 500 Internal Server Error"
--------------------------------------------------
[2026-04-12T18:02:18.836Z]
Context: fetchAllPaginated: https://api.brasiljunior.org.br/v1/portal/Ej/startup-engenharia/role_histories?q%5Bs%5D=user_profile_name+asc%2C+start_at+desc&page=1&per_page=100
"Fetch failed with status: 500 Internal Server Error"
--------------------------------------------------
[2026-04-12T18:02:18.839Z]
Context: fetchAllPaginated: https://api.brasiljunior.org.br/v1/portal/Ej/farmacon-jr/role_histories?q%5Bs%5D=user_profile_name+asc%2C+start_at+desc&page=1&per_page=100
"Fetch failed with status: 500 Internal Server Error"
--------------------------------------------------
[2026-04-12T18:02:18.842Z]
Context: fetchAllPaginated: https://api.brasiljunior.org.br/v1/portal/Ej/info-jr/role_histories?q%5Bs%5D=user_profile_name+asc%2C+start_at+desc&page=1&per_page=100
"Fetch failed with status: 500 Internal Server Error"
--------------------------------------------------
[2026-04-12T18:02:19.043Z]
Context: fetchAllPaginated: https://api.brasiljunior.org.br/v1/portal/Ej/cati-jr/role_histories?q%5Bs%5D=user_profile_name+asc%2C+start_at+desc&page=1&per_page=100
"Fetch failed with status: 500 Internal Server Error"
--------------------------------------------------
[2026-04-12T18:02:19.081Z]
Context: fetchAllPaginated: https://api.brasiljunior.org.br/v1/portal/Ej/biossistec-jr/role_histories?q%5Bs%5D=user_profile_name+asc%2C+start_at+desc&page=1&per_page=100
"Fetch failed with status: 500 Internal Server Error"
--------------------------------------------------
[2026-04-12T18:02:19.095Z]
Context: fetchAllPaginated: https://api.brasiljunior.org.br/v1/portal/Ej/orbe/role_histories?q%5Bs%5D=user_profile_name+asc%2C+start_at+desc&page=1&per_page=100
"Fetch failed with status: 500 Internal Server Error"
--------------------------------------------------
[2026-04-12T18:02:19.098Z]
Context: fetchAllPaginated: https://api.brasiljunior.org.br/v1/portal/Ej/uni-facef-junior/role_histories?q%5Bs%5D=user_profile_name+asc%2C+start_at+desc&page=1&per_page=100
"Fetch failed with status: 500 Internal Server Error"
--------------------------------------------------
[2026-04-12T18:02:19.108Z]
Context: fetchAllPaginated: https://api.brasiljunior.org.br/v1/portal/Ej/qualimentos-junior/role_histories?q%5Bs%5D=user_profile_name+asc%2C+start_at+desc&page=1&per_page=100
"Fetch failed with status: 500 Internal Server Error"
--------------------------------------------------
[2026-04-12T18:02:19.351Z]
Context: fetchAllPaginated: https://api.brasiljunior.org.br/v1/portal/Ej/eq-jr-consultoria-e-projetos/role_histories?q%5Bs%5D=user_profile_name+asc%2C+start_at+desc&page=1&per_page=100
"Fetch failed with status: 500 Internal Server Error"
--------------------------------------------------
[2026-04-12T18:02:19.371Z]
Context: fetchAllPaginated: https://api.brasiljunior.org.br/v1/portal/Ej/ejur-solucoes-juridicas/role_histories?q%5Bs%5D=user_profile_name+asc%2C+start_at+desc&page=1&per_page=100
"Fetch failed with status: 500 Internal Server Error"
--------------------------------------------------
[2026-04-12T18:02:19.380Z]
Context: fetchAllPaginated: https://api.brasiljunior.org.br/v1/portal/Ej/paulista-jr-projetos-consultoria/role_histories?q%5Bs%5D=user_profile_name+asc%2C+start_at+desc&page=1&per_page=100
"Fetch failed with status: 500 Internal Server Error"
--------------------------------------------------
[2026-04-12T18:02:19.384Z]
Context: fetchAllPaginated: https://api.brasiljunior.org.br/v1/portal/Ej/materiais-junior/role_histories?q%5Bs%5D=user_profile_name+asc%2C+start_at+desc&page=1&per_page=100
"Fetch failed with status: 500 Internal Server Error"
--------------------------------------------------
[2026-04-12T18:02:19.386Z]
Context: fetchAllPaginated: https://api.brasiljunior.org.br/v1/portal/Ej/physis-jr/role_histories?q%5Bs%5D=user_profile_name+asc%2C+start_at+desc&page=1&per_page=100
"Fetch failed with status: 500 Internal Server Error"
--------------------------------------------------
[2026-04-12T18:02:19.581Z]
Context: fetchAllPaginated: https://api.brasiljunior.org.br/v1/portal/Ej/engeali/role_histories?q%5Bs%5D=user_profile_name+asc%2C+start_at+desc&page=1&per_page=100
"Fetch failed with status: 500 Internal Server Error"
--------------------------------------------------
[2026-04-12T18:02:19.620Z]
Context: fetchAllPaginated: https://api.brasiljunior.org.br/v1/portal/Ej/edificar-jr/role_histories?q%5Bs%5D=user_profile_name+asc%2C+start_at+desc&page=1&per_page=100
"Fetch failed with status: 500 Internal Server Error"
--------------------------------------------------
[2026-04-12T18:02:19.655Z]
Context: fetchAllPaginated: https://api.brasiljunior.org.br/v1/portal/Ej/producao-jr/role_histories?q%5Bs%5D=user_profile_name+asc%2C+start_at+desc&page=1&per_page=100
"Fetch failed with status: 500 Internal Server Error"
--------------------------------------------------
[2026-04-12T18:02:19.661Z]
Context: fetchAllPaginated: https://api.brasiljunior.org.br/v1/portal/Ej/catalise-junior/role_histories?q%5Bs%5D=user_profile_name+asc%2C+start_at+desc&page=1&per_page=100
"Fetch failed with status: 500 Internal Server Error"
--------------------------------------------------
[2026-04-12T18:02:19.663Z]
Context: fetchAllPaginated: https://api.brasiljunior.org.br/v1/portal/Ej/ejeamb/role_histories?q%5Bs%5D=user_profile_name+asc%2C+start_at+desc&page=1&per_page=100
"Fetch failed with status: 500 Internal Server Error"
--------------------------------------------------
[2026-04-12T18:02:19.867Z]
Context: fetchAllPaginated: https://api.brasiljunior.org.br/v1/portal/Ej/engrenar-jr/role_histories?q%5Bs%5D=user_profile_name+asc%2C+start_at+desc&page=1&per_page=100
"Fetch failed with status: 500 Internal Server Error"
--------------------------------------------------
[2026-04-12T18:02:19.929Z]
Context: fetchAllPaginated: https://api.brasiljunior.org.br/v1/portal/Ej/quimica-jr/role_histories?q%5Bs%5D=user_profile_name+asc%2C+start_at+desc&page=1&per_page=100
"Fetch failed with status: 500 Internal Server Error"
--------------------------------------------------
[2026-04-12T18:02:19.938Z]
Context: fetchAllPaginated: https://api.brasiljunior.org.br/v1/portal/Ej/irhis-consultoria-jr-psicologia/role_histories?q%5Bs%5D=user_profile_name+asc%2C+start_at+desc&page=1&per_page=100
"Fetch failed with status: 500 Internal Server Error"
--------------------------------------------------
[2026-04-12T18:02:19.939Z]
Context: fetchAllPaginated: https://api.brasiljunior.org.br/v1/portal/Ej/junior-fea-rp/role_histories?q%5Bs%5D=user_profile_name+asc%2C+start_at+desc&page=1&per_page=100
"Fetch failed with status: 500 Internal Server Error"
--------------------------------------------------
[2026-04-12T18:02:19.959Z]
Context: fetchAllPaginated: https://api.brasiljunior.org.br/v1/portal/Ej/icmc-junior/role_histories?q%5Bs%5D=user_profile_name+asc%2C+start_at+desc&page=1&per_page=100
"Fetch failed with status: 500 Internal Server Error"
--------------------------------------------------
[2026-04-12T18:02:20.182Z]
Context: fetchAllPaginated: https://api.brasiljunior.org.br/v1/portal/Ej/enger-junior/role_histories?q%5Bs%5D=user_profile_name+asc%2C+start_at+desc&page=1&per_page=100
"Fetch failed with status: 500 Internal Server Error"
--------------------------------------------------
[2026-04-12T18:02:20.216Z]
Context: fetchAllPaginated: https://api.brasiljunior.org.br/v1/portal/Ej/design-junior/role_histories?q%5Bs%5D=user_profile_name+asc%2C+start_at+desc&page=1&per_page=100
"Fetch failed with status: 500 Internal Server Error"
--------------------------------------------------
[2026-04-12T18:02:20.225Z]
Context: fetchAllPaginated: https://api.brasiljunior.org.br/v1/portal/Ej/apollo-med-jr/role_histories?q%5Bs%5D=user_profile_name+asc%2C+start_at+desc&page=1&per_page=100
"Fetch failed with status: 500 Internal Server Error"
--------------------------------------------------
[2026-04-12T18:02:20.228Z]
Context: fetchAllPaginated: https://api.brasiljunior.org.br/v1/portal/Ej/eesc-jr/role_histories?q%5Bs%5D=user_profile_name+asc%2C+start_at+desc&page=1&per_page=100
"Fetch failed with status: 500 Internal Server Error"
--------------------------------------------------
[2026-04-12T18:02:20.235Z]
Context: fetchAllPaginated: https://api.brasiljunior.org.br/v1/portal/Ej/conapec-jr/role_histories?q%5Bs%5D=user_profile_name+asc%2C+start_at+desc&page=1&per_page=100
"Fetch failed with status: 500 Internal Server Error"
--------------------------------------------------
[2026-04-12T18:02:20.445Z]
Context: fetchAllPaginated: https://api.brasiljunior.org.br/v1/portal/Ej/locomotiva-jr/role_histories?q%5Bs%5D=user_profile_name+asc%2C+start_at+desc&page=1&per_page=100
"Fetch failed with status: 500 Internal Server Error"
--------------------------------------------------
[2026-04-12T18:02:20.468Z]
Context: fetchAllPaginated: https://api.brasiljunior.org.br/v1/portal/Ej/empresaj-nutricao-de-ruminantes/role_histories?q%5Bs%5D=user_profile_name+asc%2C+start_at+desc&page=1&per_page=100
"Fetch failed with status: 500 Internal Server Error"
--------------------------------------------------
[2026-04-12T18:02:20.479Z]
Context: fetchAllPaginated: https://api.brasiljunior.org.br/v1/portal/Ej/ceavet-consultoria-e-assessoria/role_histories?q%5Bs%5D=user_profile_name+asc%2C+start_at+desc&page=1&per_page=100
"Fetch failed with status: 500 Internal Server Error"
--------------------------------------------------
[2026-04-12T18:02:20.481Z]
Context: fetchAllPaginated: https://api.brasiljunior.org.br/v1/portal/Ej/oris-junior/role_histories?q%5Bs%5D=user_profile_name+asc%2C+start_at+desc&page=1&per_page=100
"Fetch failed with status: 500 Internal Server Error"
--------------------------------------------------
[2026-04-12T18:02:20.487Z]
Context: fetchAllPaginated: https://api.brasiljunior.org.br/v1/portal/Ej/vanellus-empresa-junior/role_histories?q%5Bs%5D=user_profile_name+asc%2C+start_at+desc&page=1&per_page=100
"Fetch failed with status: 500 Internal Server Error"
--------------------------------------------------
[2026-04-12T18:02:20.737Z]
Context: fetchAllPaginated: https://api.brasiljunior.org.br/v1/portal/Ej/fono-junior/role_histories?q%5Bs%5D=user_profile_name+asc%2C+start_at+desc&page=1&per_page=100
"Fetch failed with status: 500 Internal Server Error"
--------------------------------------------------
[2026-04-12T18:02:20.741Z]
Context: fetchAllPaginated: https://api.brasiljunior.org.br/v1/portal/Ej/empgeo-jr/role_histories?q%5Bs%5D=user_profile_name+asc%2C+start_at+desc&page=1&per_page=100
"Fetch failed with status: 500 Internal Server Error"
--------------------------------------------------
[2026-04-12T18:02:20.745Z]
Context: fetchAllPaginated: https://api.brasiljunior.org.br/v1/portal/Ej/facic-junior-unoeste/role_histories?q%5Bs%5D=user_profile_name+asc%2C+start_at+desc&page=1&per_page=100
"Fetch failed with status: 500 Internal Server Error"
--------------------------------------------------
[2026-04-12T18:02:20.747Z]
Context: fetchAllPaginated: https://api.brasiljunior.org.br/v1/portal/Ej/intergestao-jr/role_histories?q%5Bs%5D=user_profile_name+asc%2C+start_at+desc&page=1&per_page=100
"Fetch failed with status: 500 Internal Server Error"
--------------------------------------------------
[2026-04-12T18:02:20.749Z]
Context: fetchAllPaginated: https://api.brasiljunior.org.br/v1/portal/Ej/lideres-jr/role_histories?q%5Bs%5D=user_profile_name+asc%2C+start_at+desc&page=1&per_page=100
"Fetch failed with status: 500 Internal Server Error"
--------------------------------------------------
[2026-04-12T18:02:20.961Z]
Context: fetchAllPaginated: https://api.brasiljunior.org.br/v1/portal/Ej/ibb-junior/role_histories?q%5Bs%5D=user_profile_name+asc%2C+start_at+desc&page=1&per_page=100
"Fetch failed with status: 500 Internal Server Error"
--------------------------------------------------
[2026-04-12T18:02:21.009Z]
Context: fetchAllPaginated: https://api.brasiljunior.org.br/v1/portal/Ej/aravetjr/role_histories?q%5Bs%5D=user_profile_name+asc%2C+start_at+desc&page=1&per_page=100
"Fetch failed with status: 500 Internal Server Error"
--------------------------------------------------
[2026-04-12T18:02:21.018Z]
Context: fetchAllPaginated: https://api.brasiljunior.org.br/v1/portal/Ej/ejecart-empresa-junior-de-engenharia-cartografica/role_histories?q%5Bs%5D=user_profile_name+asc%2C+start_at+desc&page=1&per_page=100
"Fetch failed with status: 500 Internal Server Error"
--------------------------------------------------
[2026-04-12T18:02:21.040Z]
Context: fetchAllPaginated: https://api.brasiljunior.org.br/v1/portal/Ej/anifort-consultoria-agropecuaria/role_histories?q%5Bs%5D=user_profile_name+asc%2C+start_at+desc&page=1&per_page=100
"Fetch failed with status: 500 Internal Server Error"
--------------------------------------------------
[2026-04-12T18:02:21.046Z]
Context: fetchAllPaginated: https://api.brasiljunior.org.br/v1/portal/Ej/ejest-empresa-junior-de-estatistica/role_histories?q%5Bs%5D=user_profile_name+asc%2C+start_at+desc&page=1&per_page=100
"Fetch failed with status: 500 Internal Server Error"
--------------------------------------------------
[2026-04-12T18:02:21.241Z]
Context: fetchAllPaginated: https://api.brasiljunior.org.br/v1/portal/Ej/cenagri-jr/role_histories?q%5Bs%5D=user_profile_name+asc%2C+start_at+desc&page=1&per_page=100
"Fetch failed with status: 500 Internal Server Error"
--------------------------------------------------
[2026-04-12T18:02:21.299Z]
Context: fetchAllPaginated: https://api.brasiljunior.org.br/v1/portal/Ej/bioprox-junior/role_histories?q%5Bs%5D=user_profile_name+asc%2C+start_at+desc&page=1&per_page=100
"Fetch failed with status: 500 Internal Server Error"
--------------------------------------------------
[2026-04-12T18:02:21.300Z]
Context: fetchAllPaginated: https://api.brasiljunior.org.br/v1/portal/Ej/ejcomp/role_histories?q%5Bs%5D=user_profile_name+asc%2C+start_at+desc&page=1&per_page=100
"Fetch failed with status: 500 Internal Server Error"
--------------------------------------------------
[2026-04-12T18:02:21.302Z]
Context: fetchAllPaginated: https://api.brasiljunior.org.br/v1/portal/Ej/jornal-jr/role_histories?q%5Bs%5D=user_profile_name+asc%2C+start_at+desc&page=1&per_page=100
"Fetch failed with status: 500 Internal Server Error"
--------------------------------------------------
[2026-04-12T18:02:21.316Z]
Context: fetchAllPaginated: https://api.brasiljunior.org.br/v1/portal/Ej/atmos-junior/role_histories?q%5Bs%5D=user_profile_name+asc%2C+start_at+desc&page=1&per_page=100
"Fetch failed with status: 500 Internal Server Error"
--------------------------------------------------
[2026-04-12T18:02:21.527Z]
Context: fetchAllPaginated: https://api.brasiljunior.org.br/v1/portal/Ej/ejenutri/role_histories?q%5Bs%5D=user_profile_name+asc%2C+start_at+desc&page=1&per_page=100
"Fetch failed with status: 500 Internal Server Error"
--------------------------------------------------
[2026-04-12T18:02:21.576Z]
Context: fetchAllPaginated: https://api.brasiljunior.org.br/v1/portal/Ej/conflor-junior/role_histories?q%5Bs%5D=user_profile_name+asc%2C+start_at+desc&page=1&per_page=100
"Fetch failed with status: 500 Internal Server Error"
--------------------------------------------------
[2026-04-12T18:02:21.592Z]
Context: fetchAllPaginated: https://api.brasiljunior.org.br/v1/portal/Ej/biomas/role_histories?q%5Bs%5D=user_profile_name+asc%2C+start_at+desc&page=1&per_page=100
"Fetch failed with status: 500 Internal Server Error"
--------------------------------------------------
[2026-04-12T18:02:21.595Z]
Context: fetchAllPaginated: https://api.brasiljunior.org.br/v1/portal/Ej/ramo-da-terra-empresa-junior/role_histories?q%5Bs%5D=user_profile_name+asc%2C+start_at+desc&page=1&per_page=100
"Fetch failed with status: 500 Internal Server Error"
--------------------------------------------------
[2026-04-12T18:02:21.599Z]
Context: fetchAllPaginated: https://api.brasiljunior.org.br/v1/portal/Ej/opera-krios-empresa-junior-de-arquitetura-e-urbanismo/role_histories?q%5Bs%5D=user_profile_name+asc%2C+start_at+desc&page=1&per_page=100
"Fetch failed with status: 500 Internal Server Error"
--------------------------------------------------
[2026-04-12T18:02:21.816Z]
Context: fetchAllPaginated: https://api.brasiljunior.org.br/v1/portal/Ej/potencial-projetos-eletricos/role_histories?q%5Bs%5D=user_profile_name+asc%2C+start_at+desc&page=1&per_page=100
"Fetch failed with status: 500 Internal Server Error"
--------------------------------------------------
[2026-04-12T18:02:21.882Z]
Context: fetchAllPaginated: https://api.brasiljunior.org.br/v1/portal/Ej/geoambientaljr/role_histories?q%5Bs%5D=user_profile_name+asc%2C+start_at+desc&page=1&per_page=100
"Fetch failed with status: 500 Internal Server Error"
--------------------------------------------------
[2026-04-12T18:02:21.885Z]
Context: fetchAllPaginated: https://api.brasiljunior.org.br/v1/portal/Ej/alicerce-empresa-junior-de-engenharia-civil/role_histories?q%5Bs%5D=user_profile_name+asc%2C+start_at+desc&page=1&per_page=100
"Fetch failed with status: 500 Internal Server Error"
--------------------------------------------------
[2026-04-12T18:02:21.902Z]
Context: fetchAllPaginated: https://api.brasiljunior.org.br/v1/portal/Ej/precisao-engenharia-empresa-junior-de-engenharia-mecanica/role_histories?q%5Bs%5D=user_profile_name+asc%2C+start_at+desc&page=1&per_page=100
"Fetch failed with status: 500 Internal Server Error"
--------------------------------------------------
[2026-04-12T18:02:21.918Z]
Context: fetchAllPaginated: https://api.brasiljunior.org.br/v1/portal/Ej/sage-solucoes-globais/role_histories?q%5Bs%5D=user_profile_name+asc%2C+start_at+desc&page=1&per_page=100
"Fetch failed with status: 500 Internal Server Error"
--------------------------------------------------
[2026-04-12T18:02:22.123Z]
Context: fetchAllPaginated: https://api.brasiljunior.org.br/v1/portal/Ej/humanus-empresa-junior/role_histories?q%5Bs%5D=user_profile_name+asc%2C+start_at+desc&page=1&per_page=100
"Fetch failed with status: 500 Internal Server Error"
--------------------------------------------------
[2026-04-12T18:02:22.174Z]
Context: fetchAllPaginated: https://api.brasiljunior.org.br/v1/portal/Ej/interage-jr/role_histories?q%5Bs%5D=user_profile_name+asc%2C+start_at+desc&page=1&per_page=100
"Fetch failed with status: 500 Internal Server Error"
--------------------------------------------------
[2026-04-12T18:02:22.177Z]
Context: fetchAllPaginated: https://api.brasiljunior.org.br/v1/portal/Ej/rpjr/role_histories?q%5Bs%5D=user_profile_name+asc%2C+start_at+desc&page=1&per_page=100
"Fetch failed with status: 500 Internal Server Error"
--------------------------------------------------
[2026-04-12T18:02:22.184Z]
Context: fetchAllPaginated: https://api.brasiljunior.org.br/v1/portal/Ej/projunior-projetos-e-consultoria/role_histories?q%5Bs%5D=user_profile_name+asc%2C+start_at+desc&page=1&per_page=100
"Fetch failed with status: 500 Internal Server Error"
--------------------------------------------------
[2026-04-12T18:02:22.199Z]
Context: fetchAllPaginated: https://api.brasiljunior.org.br/v1/portal/Ej/empreender-jr/role_histories?q%5Bs%5D=user_profile_name+asc%2C+start_at+desc&page=1&per_page=100
"Fetch failed with status: 500 Internal Server Error"
--------------------------------------------------
[2026-04-12T18:02:22.422Z]
Context: fetchAllPaginated: https://api.brasiljunior.org.br/v1/portal/Ej/inova-santa-jr/role_histories?q%5Bs%5D=user_profile_name+asc%2C+start_at+desc&page=1&per_page=100
"Fetch failed with status: 500 Internal Server Error"
--------------------------------------------------
[2026-04-12T18:02:22.460Z]
Context: fetchAllPaginated: https://api.brasiljunior.org.br/v1/portal/Ej/pharminder/role_histories?q%5Bs%5D=user_profile_name+asc%2C+start_at+desc&page=1&per_page=100
"Fetch failed with status: 500 Internal Server Error"
--------------------------------------------------
[2026-04-12T18:02:22.466Z]
Context: fetchAllPaginated: https://api.brasiljunior.org.br/v1/portal/Ej/consult-mkt-universitaria-gv/role_histories?q%5Bs%5D=user_profile_name+asc%2C+start_at+desc&page=1&per_page=100
"Fetch failed with status: 500 Internal Server Error"
--------------------------------------------------
[2026-04-12T18:02:22.471Z]
Context: fetchAllPaginated: https://api.brasiljunior.org.br/v1/portal/Ej/biotec-junior/role_histories?q%5Bs%5D=user_profile_name+asc%2C+start_at+desc&page=1&per_page=100
"Fetch failed with status: 500 Internal Server Error"
--------------------------------------------------
[2026-04-12T18:02:22.480Z]
Context: fetchAllPaginated: https://api.brasiljunior.org.br/v1/portal/Ej/lige-fgv/role_histories?q%5Bs%5D=user_profile_name+asc%2C+start_at+desc&page=1&per_page=100
"Fetch failed with status: 500 Internal Server Error"
--------------------------------------------------
[2026-04-12T18:02:22.679Z]
Context: fetchAllPaginated: https://api.brasiljunior.org.br/v1/portal/Ej/inteli-junior/role_histories?q%5Bs%5D=user_profile_name+asc%2C+start_at+desc&page=1&per_page=100
"Fetch failed with status: 500 Internal Server Error"
--------------------------------------------------
[2026-04-12T18:02:22.714Z]
Context: fetchAllPaginated: https://api.brasiljunior.org.br/v1/portal/Ej/espm-jr/role_histories?q%5Bs%5D=user_profile_name+asc%2C+start_at+desc&page=1&per_page=100
"Fetch failed with status: 500 Internal Server Error"
--------------------------------------------------
[2026-04-12T18:02:22.728Z]
Context: fetchAllPaginated: https://api.brasiljunior.org.br/v1/portal/Ej/consultoria-junior-einstein/role_histories?q%5Bs%5D=user_profile_name+asc%2C+start_at+desc&page=1&per_page=100
"Fetch failed with status: 500 Internal Server Error"
--------------------------------------------------
[2026-04-12T18:02:22.733Z]
Context: fetchAllPaginated: https://api.brasiljunior.org.br/v1/portal/Ej/consultri/role_histories?q%5Bs%5D=user_profile_name+asc%2C+start_at+desc&page=1&per_page=100
"Fetch failed with status: 500 Internal Server Error"
--------------------------------------------------
[2026-04-12T18:02:22.741Z]
Context: fetchAllPaginated: https://api.brasiljunior.org.br/v1/portal/Ej/business-innovation-jr/role_histories?q%5Bs%5D=user_profile_name+asc%2C+start_at+desc&page=1&per_page=100
"Fetch failed with status: 500 Internal Server Error"
--------------------------------------------------
[2026-04-12T18:02:22.987Z]
Context: fetchAllPaginated: https://api.brasiljunior.org.br/v1/portal/Ej/amplia-fono-jr/role_histories?q%5Bs%5D=user_profile_name+asc%2C+start_at+desc&page=1&per_page=100
"Fetch failed with status: 500 Internal Server Error"
--------------------------------------------------
[2026-04-12T18:02:23.039Z]
Context: fetchAllPaginated: https://api.brasiljunior.org.br/v1/portal/Ej/jr-fei/role_histories?q%5Bs%5D=user_profile_name+asc%2C+start_at+desc&page=1&per_page=100
"Fetch failed with status: 500 Internal Server Error"
--------------------------------------------------
[2026-04-12T18:02:23.051Z]
Context: fetchAllPaginated: https://api.brasiljunior.org.br/v1/portal/Ej/fia-junior-consultoria/role_histories?q%5Bs%5D=user_profile_name+asc%2C+start_at+desc&page=1&per_page=100
"Fetch failed with status: 500 Internal Server Error"
--------------------------------------------------
[2026-04-12T18:02:23.063Z]
Context: fetchAllPaginated: https://api.brasiljunior.org.br/v1/portal/Ej/humanitasjunior/role_histories?q%5Bs%5D=user_profile_name+asc%2C+start_at+desc&page=1&per_page=100
"Fetch failed with status: 500 Internal Server Error"
--------------------------------------------------
[2026-04-12T18:02:23.068Z]
Context: fetchAllPaginated: https://api.brasiljunior.org.br/v1/portal/Ej/expori-jr-fgv/role_histories?q%5Bs%5D=user_profile_name+asc%2C+start_at+desc&page=1&per_page=100
"Fetch failed with status: 500 Internal Server Error"
--------------------------------------------------
[2026-04-12T18:02:23.293Z]
Context: fetchAllPaginated: https://api.brasiljunior.org.br/v1/portal/Ej/belas-artes-jr/role_histories?q%5Bs%5D=user_profile_name+asc%2C+start_at+desc&page=1&per_page=100
"Fetch failed with status: 500 Internal Server Error"
--------------------------------------------------
[2026-04-12T18:02:23.337Z]
Context: fetchAllPaginated: https://api.brasiljunior.org.br/v1/portal/Ej/alpha-international-jr/role_histories?q%5Bs%5D=user_profile_name+asc%2C+start_at+desc&page=1&per_page=100
"Fetch failed with status: 500 Internal Server Error"
--------------------------------------------------
[2026-04-12T18:02:23.350Z]
Context: fetchAllPaginated: https://api.brasiljunior.org.br/v1/portal/Ej/fecap-junior/role_histories?q%5Bs%5D=user_profile_name+asc%2C+start_at+desc&page=1&per_page=100
"Fetch failed with status: 500 Internal Server Error"
--------------------------------------------------
[2026-04-12T18:02:23.351Z]
Context: fetchAllPaginated: https://api.brasiljunior.org.br/v1/portal/Ej/casec-jr/role_histories?q%5Bs%5D=user_profile_name+asc%2C+start_at+desc&page=1&per_page=100
"Fetch failed with status: 500 Internal Server Error"
--------------------------------------------------
[2026-04-12T18:02:23.352Z]
Context: fetchAllPaginated: https://api.brasiljunior.org.br/v1/portal/Ej/seiva-jr/role_histories?q%5Bs%5D=user_profile_name+asc%2C+start_at+desc&page=1&per_page=100
"Fetch failed with status: 500 Internal Server Error"
--------------------------------------------------
[2026-04-12T18:02:23.581Z]
Context: fetchAllPaginated: https://api.brasiljunior.org.br/v1/portal/Ej/principia-junior/role_histories?q%5Bs%5D=user_profile_name+asc%2C+start_at+desc&page=1&per_page=100
"Fetch failed with status: 500 Internal Server Error"
--------------------------------------------------
[2026-04-12T18:02:23.614Z]
Context: fetchAllPaginated: https://api.brasiljunior.org.br/v1/portal/Ej/estudio-nove/role_histories?q%5Bs%5D=user_profile_name+asc%2C+start_at+desc&page=1&per_page=100
"Fetch failed with status: 500 Internal Server Error"
--------------------------------------------------
[2026-04-12T18:02:23.615Z]
Context: fetchAllPaginated: https://api.brasiljunior.org.br/v1/portal/Ej/solbio/role_histories?q%5Bs%5D=user_profile_name+asc%2C+start_at+desc&page=1&per_page=100
"Fetch failed with status: 500 Internal Server Error"
--------------------------------------------------
[2026-04-12T18:02:23.616Z]
Context: fetchAllPaginated: https://api.brasiljunior.org.br/v1/portal/Ej/empresa-junior-de-gestao-ambiental/role_histories?q%5Bs%5D=user_profile_name+asc%2C+start_at+desc&page=1&per_page=100
"Fetch failed with status: 500 Internal Server Error"
--------------------------------------------------
[2026-04-12T18:02:23.620Z]
Context: fetchAllPaginated: https://api.brasiljunior.org.br/v1/portal/Ej/trinus-jr/role_histories?q%5Bs%5D=user_profile_name+asc%2C+start_at+desc&page=1&per_page=100
"Fetch failed with status: 500 Internal Server Error"
--------------------------------------------------
[2026-04-12T18:02:23.844Z]
Context: fetchAllPaginated: https://api.brasiljunior.org.br/v1/portal/Ej/ibmec-consultant-jr/role_histories?q%5Bs%5D=user_profile_name+asc%2C+start_at+desc&page=1&per_page=100
"Fetch failed with status: 500 Internal Server Error"
--------------------------------------------------
[2026-04-12T18:02:23.872Z]
Context: fetchAllPaginated: https://api.brasiljunior.org.br/v1/portal/Ej/lzt-junior/role_histories?q%5Bs%5D=user_profile_name+asc%2C+start_at+desc&page=1&per_page=100
"Fetch failed with status: 500 Internal Server Error"
--------------------------------------------------
[2026-04-12T18:02:23.917Z]
Context: fetchAllPaginated: https://api.brasiljunior.org.br/v1/portal/Ej/fauuspjr/role_histories?q%5Bs%5D=user_profile_name+asc%2C+start_at+desc&page=1&per_page=100
"Fetch failed with status: 500 Internal Server Error"
--------------------------------------------------
[2026-04-12T18:02:23.918Z]
Context: fetchAllPaginated: https://api.brasiljunior.org.br/v1/portal/Ej/cejur-fgv/role_histories?q%5Bs%5D=user_profile_name+asc%2C+start_at+desc&page=1&per_page=100
"Fetch failed with status: 500 Internal Server Error"
--------------------------------------------------
[2026-04-12T18:02:23.919Z]
Context: fetchAllPaginated: https://api.brasiljunior.org.br/v1/portal/Ej/scitec-jr/role_histories?q%5Bs%5D=user_profile_name+asc%2C+start_at+desc&page=1&per_page=100
"Fetch failed with status: 500 Internal Server Error"
--------------------------------------------------
[2026-04-12T18:02:24.232Z]
Context: fetchAllPaginated: https://api.brasiljunior.org.br/v1/portal/Ej/atrium-empresa-junior-de-arquitetura-e-urbanismo-da-universidade-de-taubate/role_histories?q%5Bs%5D=user_profile_name+asc%2C+start_at+desc&page=1&per_page=100
"Fetch failed with status: 500 Internal Server Error"
--------------------------------------------------
[2026-04-12T18:02:24.248Z]
Context: fetchAllPaginated: https://api.brasiljunior.org.br/v1/portal/Ej/epeq-jr/role_histories?q%5Bs%5D=user_profile_name+asc%2C+start_at+desc&page=1&per_page=100
"Fetch failed with status: 500 Internal Server Error"
--------------------------------------------------
[2026-04-12T18:02:24.266Z]
Context: fetchAllPaginated: https://api.brasiljunior.org.br/v1/portal/Ej/eppenjr/role_histories?q%5Bs%5D=user_profile_name+asc%2C+start_at+desc&page=1&per_page=100
"Fetch failed with status: 500 Internal Server Error"
--------------------------------------------------
[2026-04-12T18:02:24.267Z]
Context: fetchAllPaginated: https://api.brasiljunior.org.br/v1/portal/Ej/protos-biotec-jr/role_histories?q%5Bs%5D=user_profile_name+asc%2C+start_at+desc&page=1&per_page=100
"Fetch failed with status: 500 Internal Server Error"
--------------------------------------------------
[2026-04-12T18:02:24.372Z]
Context: fetchAllPaginated: https://api.brasiljunior.org.br/v1/portal/Ej/valejur/role_histories?q%5Bs%5D=user_profile_name+asc%2C+start_at+desc&page=1&per_page=100
"Fetch failed with status: 500 Internal Server Error"
--------------------------------------------------
[2026-04-12T18:02:24.608Z]
Context: fetchAllPaginated: https://api.brasiljunior.org.br/v1/portal/Ej/sintese-jr/role_histories?q%5Bs%5D=user_profile_name+asc%2C+start_at+desc&page=1&per_page=100
"Fetch failed with status: 500 Internal Server Error"
--------------------------------------------------
[2026-04-12T18:02:24.611Z]
Context: fetchAllPaginated: https://api.brasiljunior.org.br/v1/portal/Ej/agencia-junior-de-comunicacao-mackenzie/role_histories?q%5Bs%5D=user_profile_name+asc%2C+start_at+desc&page=1&per_page=100
"Fetch failed with status: 500 Internal Server Error"
--------------------------------------------------
[2026-04-12T18:02:24.649Z]
Context: fetchAllPaginated: https://api.brasiljunior.org.br/v1/portal/Ej/sanfran-jr/role_histories?q%5Bs%5D=user_profile_name+asc%2C+start_at+desc&page=1&per_page=100
"Fetch failed with status: 500 Internal Server Error"
--------------------------------------------------
[2026-04-12T18:02:24.720Z]
Context: fetchAllPaginated: https://api.brasiljunior.org.br/v1/portal/Ej/instituto-do-mar-junior/role_histories?q%5Bs%5D=user_profile_name+asc%2C+start_at+desc&page=1&per_page=100
"Fetch failed with status: 500 Internal Server Error"
--------------------------------------------------
[2026-04-12T18:02:24.764Z]
Context: fetchAllPaginated: https://api.brasiljunior.org.br/v1/portal/Ej/gamma-jr-engenharia/role_histories?q%5Bs%5D=user_profile_name+asc%2C+start_at+desc&page=1&per_page=100
"Fetch failed with status: 500 Internal Server Error"
--------------------------------------------------
[2026-04-12T18:02:25.002Z]
Context: fetchAllPaginated: https://api.brasiljunior.org.br/v1/portal/Ej/inova-quimica-jr/role_histories?q%5Bs%5D=user_profile_name+asc%2C+start_at+desc&page=1&per_page=100
"Fetch failed with status: 500 Internal Server Error"
--------------------------------------------------
[2026-04-12T18:02:25.003Z]
Context: fetchAllPaginated: https://api.brasiljunior.org.br/v1/portal/Ej/jornalismo-junior/role_histories?q%5Bs%5D=user_profile_name+asc%2C+start_at+desc&page=1&per_page=100
"Fetch failed with status: 500 Internal Server Error"
--------------------------------------------------
[2026-04-12T18:02:25.023Z]
Context: fetchAllPaginated: https://api.brasiljunior.org.br/v1/portal/Ej/jovens-projetistas/role_histories?q%5Bs%5D=user_profile_name+asc%2C+start_at+desc&page=1&per_page=100
"Fetch failed with status: 500 Internal Server Error"
--------------------------------------------------
[2026-04-12T18:02:25.027Z]
Context: fetchAllPaginated: https://api.brasiljunior.org.br/v1/portal/Ej/ri-usp-jr/role_histories?q%5Bs%5D=user_profile_name+asc%2C+start_at+desc&page=1&per_page=100
"Fetch failed with status: 500 Internal Server Error"
--------------------------------------------------
[2026-04-12T18:02:25.029Z]
Context: fetchAllPaginated: https://api.brasiljunior.org.br/v1/portal/Ej/icbjr-sp/role_histories?q%5Bs%5D=user_profile_name+asc%2C+start_at+desc&page=1&per_page=100
"Fetch failed with status: 500 Internal Server Error"
--------------------------------------------------
[2026-04-12T18:02:25.268Z]
Context: fetchAllPaginated: https://api.brasiljunior.org.br/v1/portal/Ej/eefusp-junior-consultoria/role_histories?q%5Bs%5D=user_profile_name+asc%2C+start_at+desc&page=1&per_page=100
"Fetch failed with status: 500 Internal Server Error"
--------------------------------------------------
[2026-04-12T18:02:25.271Z]
Context: fetchAllPaginated: https://api.brasiljunior.org.br/v1/portal/Ej/nutri-jr-usp/role_histories?q%5Bs%5D=user_profile_name+asc%2C+start_at+desc&page=1&per_page=100
"Fetch failed with status: 500 Internal Server Error"
--------------------------------------------------
[2026-04-12T18:02:25.283Z]
Context: fetchAllPaginated: https://api.brasiljunior.org.br/v1/portal/Ej/geo-junior-consultoria/role_histories?q%5Bs%5D=user_profile_name+asc%2C+start_at+desc&page=1&per_page=100
"Fetch failed with status: 500 Internal Server Error"
--------------------------------------------------
[2026-04-12T18:02:25.284Z]
Context: fetchAllPaginated: https://api.brasiljunior.org.br/v1/portal/Ej/farma-junior/role_histories?q%5Bs%5D=user_profile_name+asc%2C+start_at+desc&page=1&per_page=100
"Fetch failed with status: 500 Internal Server Error"
--------------------------------------------------
[2026-04-12T18:02:25.291Z]
Context: fetchAllPaginated: https://api.brasiljunior.org.br/v1/portal/Ej/iag-jr/role_histories?q%5Bs%5D=user_profile_name+asc%2C+start_at+desc&page=1&per_page=100
"Fetch failed with status: 500 Internal Server Error"
--------------------------------------------------
[2026-04-12T18:02:25.512Z]
Context: fetchAllPaginated: https://api.brasiljunior.org.br/v1/portal/Ej/marketing-junior-usp/role_histories?q%5Bs%5D=user_profile_name+asc%2C+start_at+desc&page=1&per_page=100
"Fetch failed with status: 500 Internal Server Error"
--------------------------------------------------
[2026-04-12T18:02:25.515Z]
Context: fetchAllPaginated: https://api.brasiljunior.org.br/v1/portal/Ej/prisma-consultoria-internacional/role_histories?q%5Bs%5D=user_profile_name+asc%2C+start_at+desc&page=1&per_page=100
"Fetch failed with status: 500 Internal Server Error"
--------------------------------------------------
[2026-04-12T18:02:25.539Z]
Context: fetchAllPaginated: https://api.brasiljunior.org.br/v1/portal/Ej/ejem/role_histories?q%5Bs%5D=user_profile_name+asc%2C+start_at+desc&page=1&per_page=100
"Fetch failed with status: 500 Internal Server Error"
--------------------------------------------------
[2026-04-12T18:02:25.541Z]
Context: fetchAllPaginated: https://api.brasiljunior.org.br/v1/portal/Ej/ufabc-jr/role_histories?q%5Bs%5D=user_profile_name+asc%2C+start_at+desc&page=1&per_page=100
"Fetch failed with status: 500 Internal Server Error"
--------------------------------------------------
[2026-04-12T18:02:25.552Z]
Context: fetchAllPaginated: https://api.brasiljunior.org.br/v1/portal/Ej/eel-junior/role_histories?q%5Bs%5D=user_profile_name+asc%2C+start_at+desc&page=1&per_page=100
"Fetch failed with status: 500 Internal Server Error"
--------------------------------------------------
[2026-04-12T18:02:25.793Z]
Context: fetchAllPaginated: https://api.brasiljunior.org.br/v1/portal/Ej/ejav/role_histories?q%5Bs%5D=user_profile_name+asc%2C+start_at+desc&page=1&per_page=100
"Fetch failed with status: 500 Internal Server Error"
--------------------------------------------------
[2026-04-12T18:02:25.797Z]
Context: fetchAllPaginated: https://api.brasiljunior.org.br/v1/portal/Ej/consultoria-junior-publica-fgv/role_histories?q%5Bs%5D=user_profile_name+asc%2C+start_at+desc&page=1&per_page=100
"Fetch failed with status: 500 Internal Server Error"
--------------------------------------------------
[2026-04-12T18:02:25.816Z]
Context: fetchAllPaginated: https://api.brasiljunior.org.br/v1/portal/Ej/puc-junior-consultoria/role_histories?q%5Bs%5D=user_profile_name+asc%2C+start_at+desc&page=1&per_page=100
"Fetch failed with status: 500 Internal Server Error"
--------------------------------------------------
[2026-04-12T18:02:25.824Z]
Context: fetchAllPaginated: https://api.brasiljunior.org.br/v1/portal/Ej/feajuniorusp/role_histories?q%5Bs%5D=user_profile_name+asc%2C+start_at+desc&page=1&per_page=100
"Fetch failed with status: 500 Internal Server Error"
--------------------------------------------------
[2026-04-12T18:02:25.827Z]
Context: fetchAllPaginated: https://api.brasiljunior.org.br/v1/portal/Ej/consultoria-rh-junior/role_histories?q%5Bs%5D=user_profile_name+asc%2C+start_at+desc&page=1&per_page=100
"Fetch failed with status: 500 Internal Server Error"
--------------------------------------------------
[2026-04-12T18:02:26.039Z]
Context: fetchAllPaginated: https://api.brasiljunior.org.br/v1/portal/Ej/empresa-junior-fgv/role_histories?q%5Bs%5D=user_profile_name+asc%2C+start_at+desc&page=1&per_page=100
"Fetch failed with status: 500 Internal Server Error"
--------------------------------------------------
[2026-04-12T18:02:26.042Z]
Context: fetchAllPaginated: https://api.brasiljunior.org.br/v1/portal/Ej/maua-jr/role_histories?q%5Bs%5D=user_profile_name+asc%2C+start_at+desc&page=1&per_page=100
"Fetch failed with status: 500 Internal Server Error"
--------------------------------------------------
[2026-04-12T18:02:26.066Z]
Context: fetchAllPaginated: https://api.brasiljunior.org.br/v1/portal/Ej/insper-jr/role_histories?q%5Bs%5D=user_profile_name+asc%2C+start_at+desc&page=1&per_page=100
"Fetch failed with status: 500 Internal Server Error"
--------------------------------------------------
[2026-04-12T18:02:26.072Z]
Context: fetchAllPaginated: https://api.brasiljunior.org.br/v1/portal/Ej/empresa-junior-mackenzie-consultoria/role_histories?q%5Bs%5D=user_profile_name+asc%2C+start_at+desc&page=1&per_page=100
"Fetch failed with status: 500 Internal Server Error"
--------------------------------------------------
[2026-04-12T18:02:26.077Z]
Context: fetchAllPaginated: https://api.brasiljunior.org.br/v1/portal/Ej/jr-eng/role_histories?q%5Bs%5D=user_profile_name+asc%2C+start_at+desc&page=1&per_page=100
"Fetch failed with status: 500 Internal Server Error"
--------------------------------------------------
[2026-04-12T18:02:26.316Z]
Context: fetchAllPaginated: https://api.brasiljunior.org.br/v1/portal/Ej/agencia-de-comunicacoes-eca-jr/role_histories?q%5Bs%5D=user_profile_name+asc%2C+start_at+desc&page=1&per_page=100
"Fetch failed with status: 500 Internal Server Error"
--------------------------------------------------
[2026-04-12T18:02:26.327Z]
Context: fetchAllPaginated: https://api.brasiljunior.org.br/v1/portal/Ej/ita-junior/role_histories?q%5Bs%5D=user_profile_name+asc%2C+start_at+desc&page=1&per_page=100
"Fetch failed with status: 500 Internal Server Error"
--------------------------------------------------
[2026-04-12T18:02:26.335Z]
Context: fetchAllPaginated: https://api.brasiljunior.org.br/v1/portal/Ej/empresa-junior-unifia-sp/role_histories?q%5Bs%5D=user_profile_name+asc%2C+start_at+desc&page=1&per_page=100
"Fetch failed with status: 500 Internal Server Error"
--------------------------------------------------
[2026-04-12T18:02:26.336Z]
Context: fetchAllPaginated: https://api.brasiljunior.org.br/v1/portal/Ej/fmjunior/role_histories?q%5Bs%5D=user_profile_name+asc%2C+start_at+desc&page=1&per_page=100
"Fetch failed with status: 500 Internal Server Error"
--------------------------------------------------
[2026-04-12T18:02:26.343Z]
Context: fetchAllPaginated: https://api.brasiljunior.org.br/v1/portal/Ej/poli-junior/role_histories?q%5Bs%5D=user_profile_name+asc%2C+start_at+desc&page=1&per_page=100
"Fetch failed with status: 500 Internal Server Error"
--------------------------------------------------
[2026-04-12T18:02:26.563Z]
Context: fetchAllPaginated: https://api.brasiljunior.org.br/v1/portal/Ej/fonacao-ba2244f4-01ae-4e60-9dc4-088c6abd537c/role_histories?q%5Bs%5D=user_profile_name+asc%2C+start_at+desc&page=1&per_page=100
"Fetch failed with status: 500 Internal Server Error"
--------------------------------------------------
[2026-04-12T18:02:26.564Z]
Context: fetchAllPaginated: https://api.brasiljunior.org.br/v1/portal/Ej/beets/role_histories?q%5Bs%5D=user_profile_name+asc%2C+start_at+desc&page=1&per_page=100
"Fetch failed with status: 500 Internal Server Error"
--------------------------------------------------
[2026-04-12T18:02:26.594Z]
Context: fetchAllPaginated: https://api.brasiljunior.org.br/v1/portal/Ej/fesb-junior/role_histories?q%5Bs%5D=user_profile_name+asc%2C+start_at+desc&page=1&per_page=100
"Fetch failed with status: 500 Internal Server Error"
--------------------------------------------------
[2026-04-12T18:02:26.596Z]
Context: fetchAllPaginated: https://api.brasiljunior.org.br/v1/portal/Ej/mandic-jr/role_histories?q%5Bs%5D=user_profile_name+asc%2C+start_at+desc&page=1&per_page=100
"Fetch failed with status: 500 Internal Server Error"
--------------------------------------------------
[2026-04-12T18:02:26.612Z]
Context: fetchAllPaginated: https://api.brasiljunior.org.br/v1/portal/Ej/2tons-producoes/role_histories?q%5Bs%5D=user_profile_name+asc%2C+start_at+desc&page=1&per_page=100
"Fetch failed with status: 500 Internal Server Error"
--------------------------------------------------
[2026-04-12T18:02:26.835Z]
Context: fetchAllPaginated: https://api.brasiljunior.org.br/v1/portal/Ej/ambiens-jr/role_histories?q%5Bs%5D=user_profile_name+asc%2C+start_at+desc&page=1&per_page=100
"Fetch failed with status: 500 Internal Server Error"
--------------------------------------------------
[2026-04-12T18:02:26.837Z]
Context: fetchAllPaginated: https://api.brasiljunior.org.br/v1/portal/Ej/impacta-jr/role_histories?q%5Bs%5D=user_profile_name+asc%2C+start_at+desc&page=1&per_page=100
"Fetch failed with status: 500 Internal Server Error"
--------------------------------------------------
[2026-04-12T18:02:26.851Z]
Context: fetchAllPaginated: https://api.brasiljunior.org.br/v1/portal/Ej/delta-jr/role_histories?q%5Bs%5D=user_profile_name+asc%2C+start_at+desc&page=1&per_page=100
"Fetch failed with status: 500 Internal Server Error"
--------------------------------------------------
[2026-04-12T18:02:26.854Z]
Context: fetchAllPaginated: https://api.brasiljunior.org.br/v1/portal/Ej/turismo-praxis-jr-sp/role_histories?q%5Bs%5D=user_profile_name+asc%2C+start_at+desc&page=1&per_page=100
"Fetch failed with status: 500 Internal Server Error"
--------------------------------------------------
[2026-04-12T18:02:26.881Z]
Context: fetchAllPaginated: https://api.brasiljunior.org.br/v1/portal/Ej/brain-consultoria-junior/role_histories?q%5Bs%5D=user_profile_name+asc%2C+start_at+desc&page=1&per_page=100
"Fetch failed with status: 500 Internal Server Error"
--------------------------------------------------
[2026-04-12T18:02:27.093Z]
Context: fetchAllPaginated: https://api.brasiljunior.org.br/v1/portal/Ej/esalq-junior-ejea/role_histories?q%5Bs%5D=user_profile_name+asc%2C+start_at+desc&page=1&per_page=100
"Fetch failed with status: 500 Internal Server Error"
--------------------------------------------------
[2026-04-12T18:02:27.120Z]
Context: fetchAllPaginated: https://api.brasiljunior.org.br/v1/portal/Ej/cens-jr/role_histories?q%5Bs%5D=user_profile_name+asc%2C+start_at+desc&page=1&per_page=100
"Fetch failed with status: 500 Internal Server Error"
--------------------------------------------------
[2026-04-12T18:02:27.136Z]
Context: fetchAllPaginated: https://api.brasiljunior.org.br/v1/portal/Ej/ls-consultoria-junior/role_histories?q%5Bs%5D=user_profile_name+asc%2C+start_at+desc&page=1&per_page=100
"Fetch failed with status: 500 Internal Server Error"
--------------------------------------------------
[2026-04-12T18:02:27.156Z]
Context: fetchAllPaginated: https://api.brasiljunior.org.br/v1/portal/Ej/mackjunior/role_histories?q%5Bs%5D=user_profile_name+asc%2C+start_at+desc&page=1&per_page=100
"Fetch failed with status: 500 Internal Server Error"
--------------------------------------------------
[2026-04-12T18:02:27.164Z]
Context: fetchAllPaginated: https://api.brasiljunior.org.br/v1/portal/Ej/all-quimica-consultoria-junior/role_histories?q%5Bs%5D=user_profile_name+asc%2C+start_at+desc&page=1&per_page=100
"Fetch failed with status: 500 Internal Server Error"
--------------------------------------------------
[2026-04-12T18:02:27.410Z]
Context: fetchAllPaginated: https://api.brasiljunior.org.br/v1/portal/Ej/atria-junior/role_histories?q%5Bs%5D=user_profile_name+asc%2C+start_at+desc&page=1&per_page=100
"Fetch failed with status: 500 Internal Server Error"
--------------------------------------------------
[2026-04-12T18:02:27.419Z]
Context: fetchAllPaginated: https://api.brasiljunior.org.br/v1/portal/Ej/odisseia-consultoria-literaria/role_histories?q%5Bs%5D=user_profile_name+asc%2C+start_at+desc&page=1&per_page=100
"Fetch failed with status: 500 Internal Server Error"
--------------------------------------------------
[2026-04-12T18:02:27.420Z]
Context: fetchAllPaginated: https://api.brasiljunior.org.br/v1/portal/Ej/otimiza-empresa-junior/role_histories?q%5Bs%5D=user_profile_name+asc%2C+start_at+desc&page=1&per_page=100
"Fetch failed with status: 500 Internal Server Error"
--------------------------------------------------
[2026-04-12T18:02:27.420Z]
Context: fetchAllPaginated: https://api.brasiljunior.org.br/v1/portal/Ej/ecoflorestal-jr-empresa-consultoria-florestal/role_histories?q%5Bs%5D=user_profile_name+asc%2C+start_at+desc&page=1&per_page=100
"Fetch failed with status: 500 Internal Server Error"
--------------------------------------------------
[2026-04-12T18:02:27.426Z]
Context: fetchAllPaginated: https://api.brasiljunior.org.br/v1/portal/Ej/emc/role_histories?q%5Bs%5D=user_profile_name+asc%2C+start_at+desc&page=1&per_page=100
"Fetch failed with status: 500 Internal Server Error"
--------------------------------------------------
[2026-04-12T18:02:27.646Z]
Context: fetchAllPaginated: https://api.brasiljunior.org.br/v1/portal/Ej/esalq-junior-florestal/role_histories?q%5Bs%5D=user_profile_name+asc%2C+start_at+desc&page=1&per_page=100
"Fetch failed with status: 500 Internal Server Error"
--------------------------------------------------
[2026-04-12T18:02:27.647Z]
Context: fetchAllPaginated: https://api.brasiljunior.org.br/v1/portal/Ej/ecap-jr/role_histories?q%5Bs%5D=user_profile_name+asc%2C+start_at+desc&page=1&per_page=100
"Fetch failed with status: 500 Internal Server Error"
--------------------------------------------------
[2026-04-12T18:02:27.674Z]
Context: fetchAllPaginated: https://api.brasiljunior.org.br/v1/portal/Ej/meta-junior/role_histories?q%5Bs%5D=user_profile_name+asc%2C+start_at+desc&page=1&per_page=100
"Fetch failed with status: 500 Internal Server Error"
--------------------------------------------------
[2026-04-12T18:02:27.675Z]
Context: fetchAllPaginated: https://api.brasiljunior.org.br/v1/portal/Ej/eixo-publico-consultoria-junior/role_histories?q%5Bs%5D=user_profile_name+asc%2C+start_at+desc&page=1&per_page=100
"Fetch failed with status: 500 Internal Server Error"
--------------------------------------------------
[2026-04-12T18:02:27.679Z]
Context: fetchAllPaginated: https://api.brasiljunior.org.br/v1/portal/Ej/alphabio/role_histories?q%5Bs%5D=user_profile_name+asc%2C+start_at+desc&page=1&per_page=100
"Fetch failed with status: 500 Internal Server Error"
--------------------------------------------------
[2026-04-12T18:02:27.900Z]
Context: fetchAllPaginated: https://api.brasiljunior.org.br/v1/portal/Ej/promad-jr/role_histories?q%5Bs%5D=user_profile_name+asc%2C+start_at+desc&page=1&per_page=100
"Fetch failed with status: 500 Internal Server Error"
--------------------------------------------------
[2026-04-12T18:02:27.904Z]
Context: fetchAllPaginated: https://api.brasiljunior.org.br/v1/portal/Ej/3e-unicamp/role_histories?q%5Bs%5D=user_profile_name+asc%2C+start_at+desc&page=1&per_page=100
"Fetch failed with status: 500 Internal Server Error"
--------------------------------------------------
[2026-04-12T18:02:27.922Z]
Context: fetchAllPaginated: https://api.brasiljunior.org.br/v1/portal/Ej/qualitas-jr/role_histories?q%5Bs%5D=user_profile_name+asc%2C+start_at+desc&page=1&per_page=100
"Fetch failed with status: 500 Internal Server Error"
--------------------------------------------------
[2026-04-12T18:02:27.928Z]
Context: fetchAllPaginated: https://api.brasiljunior.org.br/v1/portal/Ej/lider-empresa-junior/role_histories?q%5Bs%5D=user_profile_name+asc%2C+start_at+desc&page=1&per_page=100
"Fetch failed with status: 500 Internal Server Error"
--------------------------------------------------
[2026-04-12T18:02:27.929Z]
Context: fetchAllPaginated: https://api.brasiljunior.org.br/v1/portal/Ej/agrologica/role_histories?q%5Bs%5D=user_profile_name+asc%2C+start_at+desc&page=1&per_page=100
"Fetch failed with status: 500 Internal Server Error"
--------------------------------------------------
[2026-04-12T18:02:28.141Z]
Context: fetchAllPaginated: https://api.brasiljunior.org.br/v1/portal/Ej/estat-junior/role_histories?q%5Bs%5D=user_profile_name+asc%2C+start_at+desc&page=1&per_page=100
"Fetch failed with status: 500 Internal Server Error"
--------------------------------------------------
[2026-04-12T18:02:28.142Z]
Context: fetchAllPaginated: https://api.brasiljunior.org.br/v1/portal/Ej/quanta-jr/role_histories?q%5Bs%5D=user_profile_name+asc%2C+start_at+desc&page=1&per_page=100
"Fetch failed with status: 500 Internal Server Error"
--------------------------------------------------
[2026-04-12T18:02:28.163Z]
Context: fetchAllPaginated: https://api.brasiljunior.org.br/v1/portal/Ej/propeq-projeto-e-pesquisa-em-engenharia-quimica/role_histories?q%5Bs%5D=user_profile_name+asc%2C+start_at+desc&page=1&per_page=100
"Fetch failed with status: 500 Internal Server Error"
--------------------------------------------------
[2026-04-12T18:02:28.193Z]
Context: fetchAllPaginated: https://api.brasiljunior.org.br/v1/portal/Ej/conpec/role_histories?q%5Bs%5D=user_profile_name+asc%2C+start_at+desc&page=1&per_page=100
"Fetch failed with status: 500 Internal Server Error"
--------------------------------------------------
[2026-04-12T18:02:28.195Z]
Context: fetchAllPaginated: https://api.brasiljunior.org.br/v1/portal/Ej/projec/role_histories?q%5Bs%5D=user_profile_name+asc%2C+start_at+desc&page=1&per_page=100
"Fetch failed with status: 500 Internal Server Error"
--------------------------------------------------
[2026-04-12T18:02:28.408Z]
Context: fetchAllPaginated: https://api.brasiljunior.org.br/v1/portal/Ej/motriz-empresa-junior/role_histories?q%5Bs%5D=user_profile_name+asc%2C+start_at+desc&page=1&per_page=100
"Fetch failed with status: 500 Internal Server Error"
--------------------------------------------------
[2026-04-12T18:02:28.412Z]
Context: fetchAllPaginated: https://api.brasiljunior.org.br/v1/portal/Ej/pharmaceutica-jr/role_histories?q%5Bs%5D=user_profile_name+asc%2C+start_at+desc&page=1&per_page=100
"Fetch failed with status: 500 Internal Server Error"
--------------------------------------------------
[2026-04-12T18:02:28.424Z]
Context: fetchAllPaginated: https://api.brasiljunior.org.br/v1/portal/Ej/gepea-consultoria-em-alimentos/role_histories?q%5Bs%5D=user_profile_name+asc%2C+start_at+desc&page=1&per_page=100
"Fetch failed with status: 500 Internal Server Error"
--------------------------------------------------
[2026-04-12T18:02:28.467Z]
Context: fetchAllPaginated: https://api.brasiljunior.org.br/v1/portal/Ej/economica/role_histories?q%5Bs%5D=user_profile_name+asc%2C+start_at+desc&page=1&per_page=100
"Fetch failed with status: 500 Internal Server Error"
--------------------------------------------------
[2026-04-12T18:02:28.470Z]
Context: fetchAllPaginated: https://api.brasiljunior.org.br/v1/portal/Ej/dinamica-engenharia-junior/role_histories?q%5Bs%5D=user_profile_name+asc%2C+start_at+desc&page=1&per_page=100
"Fetch failed with status: 500 Internal Server Error"
--------------------------------------------------
[2026-04-12T18:02:28.672Z]
Context: fetchAllPaginated: https://api.brasiljunior.org.br/v1/portal/Ej/esalq-jr-consultoria/role_histories?q%5Bs%5D=user_profile_name+asc%2C+start_at+desc&page=1&per_page=100
"Fetch failed with status: 500 Internal Server Error"
--------------------------------------------------
[2026-04-12T18:02:28.689Z]
Context: fetchAllPaginated: https://api.brasiljunior.org.br/v1/portal/Ej/integra/role_histories?q%5Bs%5D=user_profile_name+asc%2C+start_at+desc&page=1&per_page=100
"Fetch failed with status: 500 Internal Server Error"
--------------------------------------------------
[2026-04-12T18:02:28.703Z]
Context: fetchAllPaginated: https://api.brasiljunior.org.br/v1/portal/Ej/mecatron-projetos-e-consultoria-jr/role_histories?q%5Bs%5D=user_profile_name+asc%2C+start_at+desc&page=1&per_page=100
"Fetch failed with status: 500 Internal Server Error"
--------------------------------------------------
[2026-04-12T18:06:35.433Z]
Context: fetchAllPaginated: https://api.brasiljunior.org.br/v1/portal/Ej/flyworks-engenharia-aeronautica/role_histories?q%5Bs%5D=user_profile_name+asc%2C+start_at+desc&page=1&per_page=100
"Fetch failed with status: 500 Internal Server Error"
'Fetch failed with status: 500 Internal Server Error'
--------------------------------------------------
[2026-04-12T18:06:35.726Z]
Context: fetchAllPaginated: https://api.brasiljunior.org.br/v1/portal/Ej/geoplan-jr/role_histories?q%5Bs%5D=user_profile_name+asc%2C+start_at+desc&page=1&per_page=100
"Fetch failed with status: 500 Internal Server Error"
'Fetch failed with status: 500 Internal Server Error'
--------------------------------------------------
[2026-04-12T18:06:35.736Z]
Context: fetchAllPaginated: https://api.brasiljunior.org.br/v1/portal/Ej/octobit-ej-comp-usprp/role_histories?q%5Bs%5D=user_profile_name+asc%2C+start_at+desc&page=1&per_page=100
"Fetch failed with status: 500 Internal Server Error"
'Fetch failed with status: 500 Internal Server Error'
--------------------------------------------------
[2026-04-12T18:06:35.760Z]
Context: fetchAllPaginated: https://api.brasiljunior.org.br/v1/portal/Ej/l-d-engenharia/role_histories?q%5Bs%5D=user_profile_name+asc%2C+start_at+desc&page=1&per_page=100
"Fetch failed with status: 500 Internal Server Error"
'Fetch failed with status: 500 Internal Server Error'
--------------------------------------------------
[2026-04-12T18:06:35.761Z]
Context: fetchAllPaginated: https://api.brasiljunior.org.br/v1/portal/Ej/unijunior-sp/role_histories?q%5Bs%5D=user_profile_name+asc%2C+start_at+desc&page=1&per_page=100
"Fetch failed with status: 500 Internal Server Error"
'Fetch failed with status: 500 Internal Server Error'
--------------------------------------------------
[2026-04-12T18:06:35.963Z]
Context: fetchAllPaginated: https://api.brasiljunior.org.br/v1/portal/Ej/unifran-jr/role_histories?q%5Bs%5D=user_profile_name+asc%2C+start_at+desc&page=1&per_page=100
"Fetch failed with status: 500 Internal Server Error"
'Fetch failed with status: 500 Internal Server Error'
--------------------------------------------------
[2026-04-12T18:06:35.985Z]
Context: fetchAllPaginated: https://api.brasiljunior.org.br/v1/portal/Ej/neo-solucoes-juridicas/role_histories?q%5Bs%5D=user_profile_name+asc%2C+start_at+desc&page=1&per_page=100
"Fetch failed with status: 500 Internal Server Error"
'Fetch failed with status: 500 Internal Server Error'
--------------------------------------------------
[2026-04-12T18:06:36.006Z]
Context: fetchAllPaginated: https://api.brasiljunior.org.br/v1/portal/Ej/prospecta-junior/role_histories?q%5Bs%5D=user_profile_name+asc%2C+start_at+desc&page=1&per_page=100
"Fetch failed with status: 500 Internal Server Error"
'Fetch failed with status: 500 Internal Server Error'
--------------------------------------------------
[2026-04-12T18:06:36.021Z]
Context: fetchAllPaginated: https://api.brasiljunior.org.br/v1/portal/Ej/panaceia-jr/role_histories?q%5Bs%5D=user_profile_name+asc%2C+start_at+desc&page=1&per_page=100
"Fetch failed with status: 500 Internal Server Error"
'Fetch failed with status: 500 Internal Server Error'
--------------------------------------------------
[2026-04-12T18:06:36.023Z]
Context: fetchAllPaginated: https://api.brasiljunior.org.br/v1/portal/Ej/infobio-jr/role_histories?q%5Bs%5D=user_profile_name+asc%2C+start_at+desc&page=1&per_page=100
"Fetch failed with status: 500 Internal Server Error"
'Fetch failed with status: 500 Internal Server Error'
--------------------------------------------------
[2026-04-12T18:06:36.252Z]
Context: fetchAllPaginated: https://api.brasiljunior.org.br/v1/portal/Ej/tato-jr/role_histories?q%5Bs%5D=user_profile_name+asc%2C+start_at+desc&page=1&per_page=100
"Fetch failed with status: 500 Internal Server Error"
'Fetch failed with status: 500 Internal Server Error'
--------------------------------------------------
[2026-04-12T18:06:36.254Z]
Context: fetchAllPaginated: https://api.brasiljunior.org.br/v1/portal/Ej/technobis/role_histories?q%5Bs%5D=user_profile_name+asc%2C+start_at+desc&page=1&per_page=100
"Fetch failed with status: 500 Internal Server Error"
'Fetch failed with status: 500 Internal Server Error'
--------------------------------------------------
[2026-04-12T18:06:36.282Z]
Context: fetchAllPaginated: https://api.brasiljunior.org.br/v1/portal/Ej/quiraljr/role_histories?q%5Bs%5D=user_profile_name+asc%2C+start_at+desc&page=1&per_page=100
"Fetch failed with status: 500 Internal Server Error"
'Fetch failed with status: 500 Internal Server Error'
--------------------------------------------------
[2026-04-12T18:06:36.284Z]
Context: fetchAllPaginated: https://api.brasiljunior.org.br/v1/portal/Ej/prospect-jr-empresa-junior-de-projetos-e-consultoria-empresarial/role_histories?q%5Bs%5D=user_profile_name+asc%2C+start_at+desc&page=1&per_page=100
"Fetch failed with status: 500 Internal Server Error"
'Fetch failed with status: 500 Internal Server Error'
--------------------------------------------------
[2026-04-12T18:06:36.288Z]
Context: fetchAllPaginated: https://api.brasiljunior.org.br/v1/portal/Ej/exon-junior-saude-e-inovacao/role_histories?q%5Bs%5D=user_profile_name+asc%2C+start_at+desc&page=1&per_page=100
"Fetch failed with status: 500 Internal Server Error"
'Fetch failed with status: 500 Internal Server Error'
--------------------------------------------------
[2026-04-12T18:06:36.513Z]
Context: fetchAllPaginated: https://api.brasiljunior.org.br/v1/portal/Ej/biosfera-jr/role_histories?q%5Bs%5D=user_profile_name+asc%2C+start_at+desc&page=1&per_page=100
"Fetch failed with status: 500 Internal Server Error"
'Fetch failed with status: 500 Internal Server Error'
--------------------------------------------------
[2026-04-12T18:06:36.535Z]
Context: fetchAllPaginated: https://api.brasiljunior.org.br/v1/portal/Ej/biophi-jr/role_histories?q%5Bs%5D=user_profile_name+asc%2C+start_at+desc&page=1&per_page=100
"Fetch failed with status: 500 Internal Server Error"
'Fetch failed with status: 500 Internal Server Error'
--------------------------------------------------
[2026-04-12T18:06:36.582Z]
Context: fetchAllPaginated: https://api.brasiljunior.org.br/v1/portal/Ej/salus-jr/role_histories?q%5Bs%5D=user_profile_name+asc%2C+start_at+desc&page=1&per_page=100
"Fetch failed with status: 500 Internal Server Error"
'Fetch failed with status: 500 Internal Server Error'
--------------------------------------------------
[2026-04-12T18:06:36.608Z]
Context: fetchAllPaginated: https://api.brasiljunior.org.br/v1/portal/Ej/voll-jr/role_histories?q%5Bs%5D=user_profile_name+asc%2C+start_at+desc&page=1&per_page=100
"Fetch failed with status: 500 Internal Server Error"
'Fetch failed with status: 500 Internal Server Error'
--------------------------------------------------
[2026-04-12T18:06:36.609Z]
Context: fetchAllPaginated: https://api.brasiljunior.org.br/v1/portal/Ej/quantis/role_histories?q%5Bs%5D=user_profile_name+asc%2C+start_at+desc&page=1&per_page=100
"Fetch failed with status: 500 Internal Server Error"
'Fetch failed with status: 500 Internal Server Error'
--------------------------------------------------
[2026-04-12T18:06:36.832Z]
Context: fetchAllPaginated: https://api.brasiljunior.org.br/v1/portal/Ej/alphamec-empresa-junior/role_histories?q%5Bs%5D=user_profile_name+asc%2C+start_at+desc&page=1&per_page=100
"Fetch failed with status: 500 Internal Server Error"
'Fetch failed with status: 500 Internal Server Error'
--------------------------------------------------
[2026-04-12T18:06:36.835Z]
Context: fetchAllPaginated: https://api.brasiljunior.org.br/v1/portal/Ej/psico-consultoriajunior/role_histories?q%5Bs%5D=user_profile_name+asc%2C+start_at+desc&page=1&per_page=100
"Fetch failed with status: 500 Internal Server Error"
'Fetch failed with status: 500 Internal Server Error'
--------------------------------------------------
[2026-04-12T18:06:36.873Z]
Context: fetchAllPaginated: https://api.brasiljunior.org.br/v1/portal/Ej/agromais-jr/role_histories?q%5Bs%5D=user_profile_name+asc%2C+start_at+desc&page=1&per_page=100
"Fetch failed with status: 500 Internal Server Error"
'Fetch failed with status: 500 Internal Server Error'
--------------------------------------------------
[2026-04-12T18:06:36.884Z]
Context: fetchAllPaginated: https://api.brasiljunior.org.br/v1/portal/Ej/gaam-jr/role_histories?q%5Bs%5D=user_profile_name+asc%2C+start_at+desc&page=1&per_page=100
"Fetch failed with status: 500 Internal Server Error"
'Fetch failed with status: 500 Internal Server Error'
--------------------------------------------------
[2026-04-12T18:06:36.890Z]
Context: fetchAllPaginated: https://api.brasiljunior.org.br/v1/portal/Ej/solucoes-quimicas-jr/role_histories?q%5Bs%5D=user_profile_name+asc%2C+start_at+desc&page=1&per_page=100
"Fetch failed with status: 500 Internal Server Error"
'Fetch failed with status: 500 Internal Server Error'
--------------------------------------------------
[2026-04-12T18:06:37.148Z]
Context: fetchAllPaginated: https://api.brasiljunior.org.br/v1/portal/Ej/plexus-jr/role_histories?q%5Bs%5D=user_profile_name+asc%2C+start_at+desc&page=1&per_page=100
"Fetch failed with status: 500 Internal Server Error"
'Fetch failed with status: 500 Internal Server Error'
--------------------------------------------------
[2026-04-12T18:06:37.177Z]
Context: fetchAllPaginated: https://api.brasiljunior.org.br/v1/portal/Ej/iqsc-jr/role_histories?q%5Bs%5D=user_profile_name+asc%2C+start_at+desc&page=1&per_page=100
"Fetch failed with status: 500 Internal Server Error"
'Fetch failed with status: 500 Internal Server Error'
--------------------------------------------------
[2026-04-12T18:06:37.178Z]
Context: fetchAllPaginated: https://api.brasiljunior.org.br/v1/portal/Ej/cultivar-agrojunior/role_histories?q%5Bs%5D=user_profile_name+asc%2C+start_at+desc&page=1&per_page=100
"Fetch failed with status: 500 Internal Server Error"
'Fetch failed with status: 500 Internal Server Error'
--------------------------------------------------
[2026-04-12T18:06:37.180Z]
Context: fetchAllPaginated: https://api.brasiljunior.org.br/v1/portal/Ej/marie-curie-jr/role_histories?q%5Bs%5D=user_profile_name+asc%2C+start_at+desc&page=1&per_page=100
"Fetch failed with status: 500 Internal Server Error"
'Fetch failed with status: 500 Internal Server Error'
--------------------------------------------------
[2026-04-12T18:06:37.188Z]
Context: fetchAllPaginated: https://api.brasiljunior.org.br/v1/portal/Ej/biocenos-jr/role_histories?q%5Bs%5D=user_profile_name+asc%2C+start_at+desc&page=1&per_page=100
"Fetch failed with status: 500 Internal Server Error"
'Fetch failed with status: 500 Internal Server Error'
--------------------------------------------------
[2026-04-12T18:06:37.420Z]
Context: fetchAllPaginated: https://api.brasiljunior.org.br/v1/portal/Ej/jurisconsultus/role_histories?q%5Bs%5D=user_profile_name+asc%2C+start_at+desc&page=1&per_page=100
"Fetch failed with status: 500 Internal Server Error"
'Fetch failed with status: 500 Internal Server Error'
--------------------------------------------------
[2026-04-12T18:06:37.424Z]
Context: fetchAllPaginated: https://api.brasiljunior.org.br/v1/portal/Ej/comunica-fono-jr/role_histories?q%5Bs%5D=user_profile_name+asc%2C+start_at+desc&page=1&per_page=100
"Fetch failed with status: 500 Internal Server Error"
'Fetch failed with status: 500 Internal Server Error'
--------------------------------------------------
[2026-04-12T18:06:37.426Z]
Context: fetchAllPaginated: https://api.brasiljunior.org.br/v1/portal/Ej/empeltec-jr/role_histories?q%5Bs%5D=user_profile_name+asc%2C+start_at+desc&page=1&per_page=100
"Fetch failed with status: 500 Internal Server Error"
'Fetch failed with status: 500 Internal Server Error'
--------------------------------------------------
[2026-04-12T18:06:37.427Z]
Context: fetchAllPaginated: https://api.brasiljunior.org.br/v1/portal/Ej/sustec-jr/role_histories?q%5Bs%5D=user_profile_name+asc%2C+start_at+desc&page=1&per_page=100
"Fetch failed with status: 500 Internal Server Error"
'Fetch failed with status: 500 Internal Server Error'
--------------------------------------------------
[2026-04-12T18:06:37.434Z]
Context: fetchAllPaginated: https://api.brasiljunior.org.br/v1/portal/Ej/sirius-biotecnologia-jr/role_histories?q%5Bs%5D=user_profile_name+asc%2C+start_at+desc&page=1&per_page=100
"Fetch failed with status: 500 Internal Server Error"
'Fetch failed with status: 500 Internal Server Error'
--------------------------------------------------
[2026-04-12T18:06:37.709Z]
Context: fetchAllPaginated: https://api.brasiljunior.org.br/v1/portal/Ej/empsi-jr/role_histories?q%5Bs%5D=user_profile_name+asc%2C+start_at+desc&page=1&per_page=100
"Fetch failed with status: 500 Internal Server Error"
'Fetch failed with status: 500 Internal Server Error'
--------------------------------------------------
[2026-04-12T18:06:37.710Z]
Context: fetchAllPaginated: https://api.brasiljunior.org.br/v1/portal/Ej/consultoria-solucoes-em-biotecnologia-junior/role_histories?q%5Bs%5D=user_profile_name+asc%2C+start_at+desc&page=1&per_page=100
"Fetch failed with status: 500 Internal Server Error"
'Fetch failed with status: 500 Internal Server Error'
--------------------------------------------------
[2026-04-12T18:06:37.711Z]
Context: fetchAllPaginated: https://api.brasiljunior.org.br/v1/portal/Ej/emvep-jr/role_histories?q%5Bs%5D=user_profile_name+asc%2C+start_at+desc&page=1&per_page=100
"Fetch failed with status: 500 Internal Server Error"
'Fetch failed with status: 500 Internal Server Error'
--------------------------------------------------
[2026-04-12T18:06:37.711Z]
Context: fetchAllPaginated: https://api.brasiljunior.org.br/v1/portal/Ej/zoot-jr/role_histories?q%5Bs%5D=user_profile_name+asc%2C+start_at+desc&page=1&per_page=100
"Fetch failed with status: 500 Internal Server Error"
'Fetch failed with status: 500 Internal Server Error'
--------------------------------------------------
[2026-04-12T18:06:37.712Z]
Context: fetchAllPaginated: https://api.brasiljunior.org.br/v1/portal/Ej/cap-jr-consultoria/role_histories?q%5Bs%5D=user_profile_name+asc%2C+start_at+desc&page=1&per_page=100
"Fetch failed with status: 500 Internal Server Error"
'Fetch failed with status: 500 Internal Server Error'
--------------------------------------------------
[2026-04-12T18:06:37.932Z]
Context: fetchAllPaginated: https://api.brasiljunior.org.br/v1/portal/Ej/startup-engenharia/role_histories?q%5Bs%5D=user_profile_name+asc%2C+start_at+desc&page=1&per_page=100
"Fetch failed with status: 500 Internal Server Error"
'Fetch failed with status: 500 Internal Server Error'
--------------------------------------------------
[2026-04-12T18:06:37.934Z]
Context: fetchAllPaginated: https://api.brasiljunior.org.br/v1/portal/Ej/info-jr/role_histories?q%5Bs%5D=user_profile_name+asc%2C+start_at+desc&page=1&per_page=100
"Fetch failed with status: 500 Internal Server Error"
'Fetch failed with status: 500 Internal Server Error'
--------------------------------------------------
[2026-04-12T18:11:09.134Z]
Context: fetchAllPaginated: https://api.brasiljunior.org.br/v1/portal/Ej/flyworks-engenharia-aeronautica/role_histories?q%5Bs%5D=user_profile_name+asc%2C+start_at+desc&page=1&per_page=100
"Fetch failed with status: 500 Internal Server Error"
'Fetch failed with status: 500 Internal Server Error'
--------------------------------------------------
[2026-04-12T18:11:09.924Z]
Context: fetchAllPaginated: https://api.brasiljunior.org.br/v1/portal/Ej/unijunior-sp/role_histories?q%5Bs%5D=user_profile_name+asc%2C+start_at+desc&page=1&per_page=100
"Fetch failed with status: 500 Internal Server Error"
'Fetch failed with status: 500 Internal Server Error'
--------------------------------------------------
[2026-04-12T18:11:09.954Z]
Context: fetchAllPaginated: https://api.brasiljunior.org.br/v1/portal/Ej/l-d-engenharia/role_histories?q%5Bs%5D=user_profile_name+asc%2C+start_at+desc&page=1&per_page=100
"Fetch failed with status: 500 Internal Server Error"
'Fetch failed with status: 500 Internal Server Error'
--------------------------------------------------
[2026-04-12T18:11:09.992Z]
Context: fetchAllPaginated: https://api.brasiljunior.org.br/v1/portal/Ej/geoplan-jr/role_histories?q%5Bs%5D=user_profile_name+asc%2C+start_at+desc&page=1&per_page=100
"Fetch failed with status: 500 Internal Server Error"
'Fetch failed with status: 500 Internal Server Error'
--------------------------------------------------
[2026-04-12T18:11:10.042Z]
Context: fetchAllPaginated: https://api.brasiljunior.org.br/v1/portal/Ej/octobit-ej-comp-usprp/role_histories?q%5Bs%5D=user_profile_name+asc%2C+start_at+desc&page=1&per_page=100
"Fetch failed with status: 500 Internal Server Error"
'Fetch failed with status: 500 Internal Server Error'
--------------------------------------------------
[2026-04-12T18:11:12.436Z]
Context: fetchAllPaginated: https://api.brasiljunior.org.br/v1/portal/Ej/unifran-jr/role_histories?q%5Bs%5D=user_profile_name+asc%2C+start_at+desc&page=1&per_page=100
"Fetch failed with status: 500 Internal Server Error"
'Fetch failed with status: 500 Internal Server Error'
--------------------------------------------------
[2026-04-12T18:11:12.567Z]
Context: fetchAllPaginated: https://api.brasiljunior.org.br/v1/portal/Ej/panaceia-jr/role_histories?q%5Bs%5D=user_profile_name+asc%2C+start_at+desc&page=1&per_page=100
"Fetch failed with status: 500 Internal Server Error"
'Fetch failed with status: 500 Internal Server Error'
--------------------------------------------------
[2026-04-12T18:11:12.677Z]
Context: fetchAllPaginated: https://api.brasiljunior.org.br/v1/portal/Ej/neo-solucoes-juridicas/role_histories?q%5Bs%5D=user_profile_name+asc%2C+start_at+desc&page=1&per_page=100
"Fetch failed with status: 500 Internal Server Error"
'Fetch failed with status: 500 Internal Server Error'
--------------------------------------------------
[2026-04-12T18:11:12.703Z]
Context: fetchAllPaginated: https://api.brasiljunior.org.br/v1/portal/Ej/infobio-jr/role_histories?q%5Bs%5D=user_profile_name+asc%2C+start_at+desc&page=1&per_page=100
"Fetch failed with status: 500 Internal Server Error"
'Fetch failed with status: 500 Internal Server Error'
--------------------------------------------------
[2026-04-12T18:11:12.758Z]
Context: fetchAllPaginated: https://api.brasiljunior.org.br/v1/portal/Ej/prospecta-junior/role_histories?q%5Bs%5D=user_profile_name+asc%2C+start_at+desc&page=1&per_page=100
"Fetch failed with status: 500 Internal Server Error"
'Fetch failed with status: 500 Internal Server Error'
--------------------------------------------------
[2026-04-12T18:11:15.323Z]
Context: fetchAllPaginated: https://api.brasiljunior.org.br/v1/portal/Ej/tato-jr/role_histories?q%5Bs%5D=user_profile_name+asc%2C+start_at+desc&page=1&per_page=100
"Fetch failed with status: 500 Internal Server Error"
'Fetch failed with status: 500 Internal Server Error'
--------------------------------------------------
[2026-04-12T18:11:15.447Z]
Context: fetchAllPaginated: https://api.brasiljunior.org.br/v1/portal/Ej/technobis/role_histories?q%5Bs%5D=user_profile_name+asc%2C+start_at+desc&page=1&per_page=100
"Fetch failed with status: 500 Internal Server Error"
'Fetch failed with status: 500 Internal Server Error'
--------------------------------------------------
[2026-04-12T18:11:15.602Z]
Context: fetchAllPaginated: https://api.brasiljunior.org.br/v1/portal/Ej/exon-junior-saude-e-inovacao/role_histories?q%5Bs%5D=user_profile_name+asc%2C+start_at+desc&page=1&per_page=100
"Fetch failed with status: 500 Internal Server Error"
'Fetch failed with status: 500 Internal Server Error'
--------------------------------------------------
[2026-04-12T18:11:15.627Z]
Context: fetchAllPaginated: https://api.brasiljunior.org.br/v1/portal/Ej/prospect-jr-empresa-junior-de-projetos-e-consultoria-empresarial/role_histories?q%5Bs%5D=user_profile_name+asc%2C+start_at+desc&page=1&per_page=100
"Fetch failed with status: 500 Internal Server Error"
'Fetch failed with status: 500 Internal Server Error'
--------------------------------------------------
[2026-04-12T18:13:41.242Z]
Context: fetchAllPaginated: https://api.brasiljunior.org.br/v1/portal/Ej/flyworks-engenharia-aeronautica/role_histories?q%5Bs%5D=user_profile_name+asc%2C+start_at+desc&page=1&per_page=100
"Fetch failed with status: 500 Internal Server Error"
'Fetch failed with status: 500 Internal Server Error'
--------------------------------------------------
[2026-04-12T18:13:41.522Z]
Context: fetchAllPaginated: https://api.brasiljunior.org.br/v1/portal/Ej/geoplan-jr/role_histories?q%5Bs%5D=user_profile_name+asc%2C+start_at+desc&page=1&per_page=100
"Fetch failed with status: 500 Internal Server Error"
'Fetch failed with status: 500 Internal Server Error'
--------------------------------------------------
[2026-04-12T18:13:41.544Z]
Context: fetchAllPaginated: https://api.brasiljunior.org.br/v1/portal/Ej/l-d-engenharia/role_histories?q%5Bs%5D=user_profile_name+asc%2C+start_at+desc&page=1&per_page=100
"Fetch failed with status: 500 Internal Server Error"
'Fetch failed with status: 500 Internal Server Error'
--------------------------------------------------
[2026-04-12T18:13:41.556Z]
Context: fetchAllPaginated: https://api.brasiljunior.org.br/v1/portal/Ej/octobit-ej-comp-usprp/role_histories?q%5Bs%5D=user_profile_name+asc%2C+start_at+desc&page=1&per_page=100
"Fetch failed with status: 500 Internal Server Error"
'Fetch failed with status: 500 Internal Server Error'
--------------------------------------------------
[2026-04-12T18:13:41.562Z]
Context: fetchAllPaginated: https://api.brasiljunior.org.br/v1/portal/Ej/unijunior-sp/role_histories?q%5Bs%5D=user_profile_name+asc%2C+start_at+desc&page=1&per_page=100
"Fetch failed with status: 500 Internal Server Error"
'Fetch failed with status: 500 Internal Server Error'
--------------------------------------------------
[2026-04-12T18:13:41.774Z]
Context: fetchAllPaginated: https://api.brasiljunior.org.br/v1/portal/Ej/panaceia-jr/role_histories?q%5Bs%5D=user_profile_name+asc%2C+start_at+desc&page=1&per_page=100
"Fetch failed with status: 500 Internal Server Error"
'Fetch failed with status: 500 Internal Server Error'
--------------------------------------------------
[2026-04-12T18:13:41.797Z]
Context: fetchAllPaginated: https://api.brasiljunior.org.br/v1/portal/Ej/prospecta-junior/role_histories?q%5Bs%5D=user_profile_name+asc%2C+start_at+desc&page=1&per_page=100
"Fetch failed with status: 500 Internal Server Error"
'Fetch failed with status: 500 Internal Server Error'
--------------------------------------------------
[2026-04-12T18:13:41.832Z]
Context: fetchAllPaginated: https://api.brasiljunior.org.br/v1/portal/Ej/neo-solucoes-juridicas/role_histories?q%5Bs%5D=user_profile_name+asc%2C+start_at+desc&page=1&per_page=100
"Fetch failed with status: 500 Internal Server Error"
'Fetch failed with status: 500 Internal Server Error'
--------------------------------------------------
[2026-04-12T18:13:41.834Z]
Context: fetchAllPaginated: https://api.brasiljunior.org.br/v1/portal/Ej/unifran-jr/role_histories?q%5Bs%5D=user_profile_name+asc%2C+start_at+desc&page=1&per_page=100
"Fetch failed with status: 500 Internal Server Error"
'Fetch failed with status: 500 Internal Server Error'
--------------------------------------------------
[2026-04-12T18:13:41.843Z]
Context: fetchAllPaginated: https://api.brasiljunior.org.br/v1/portal/Ej/infobio-jr/role_histories?q%5Bs%5D=user_profile_name+asc%2C+start_at+desc&page=1&per_page=100
"Fetch failed with status: 500 Internal Server Error"
'Fetch failed with status: 500 Internal Server Error'
--------------------------------------------------
[2026-04-12T18:13:42.056Z]
Context: fetchAllPaginated: https://api.brasiljunior.org.br/v1/portal/Ej/prospect-jr-empresa-junior-de-projetos-e-consultoria-empresarial/role_histories?q%5Bs%5D=user_profile_name+asc%2C+start_at+desc&page=1&per_page=100
"Fetch failed with status: 500 Internal Server Error"
'Fetch failed with status: 500 Internal Server Error'
--------------------------------------------------
[2026-04-12T18:13:42.078Z]
Context: fetchAllPaginated: https://api.brasiljunior.org.br/v1/portal/Ej/technobis/role_histories?q%5Bs%5D=user_profile_name+asc%2C+start_at+desc&page=1&per_page=100
"Fetch failed with status: 500 Internal Server Error"
'Fetch failed with status: 500 Internal Server Error'
--------------------------------------------------
[2026-04-12T18:13:42.087Z]
Context: fetchAllPaginated: https://api.brasiljunior.org.br/v1/portal/Ej/quiraljr/role_histories?q%5Bs%5D=user_profile_name+asc%2C+start_at+desc&page=1&per_page=100
"Fetch failed with status: 500 Internal Server Error"
'Fetch failed with status: 500 Internal Server Error'
--------------------------------------------------
[2026-04-12T18:13:42.103Z]
Context: fetchAllPaginated: https://api.brasiljunior.org.br/v1/portal/Ej/exon-junior-saude-e-inovacao/role_histories?q%5Bs%5D=user_profile_name+asc%2C+start_at+desc&page=1&per_page=100
"Fetch failed with status: 500 Internal Server Error"
'Fetch failed with status: 500 Internal Server Error'
--------------------------------------------------
[2026-04-12T18:13:42.105Z]
Context: fetchAllPaginated: https://api.brasiljunior.org.br/v1/portal/Ej/tato-jr/role_histories?q%5Bs%5D=user_profile_name+asc%2C+start_at+desc&page=1&per_page=100
"Fetch failed with status: 500 Internal Server Error"
'Fetch failed with status: 500 Internal Server Error'
--------------------------------------------------
[2026-04-12T18:13:42.322Z]
Context: fetchAllPaginated: https://api.brasiljunior.org.br/v1/portal/Ej/voll-jr/role_histories?q%5Bs%5D=user_profile_name+asc%2C+start_at+desc&page=1&per_page=100
"Fetch failed with status: 500 Internal Server Error"
'Fetch failed with status: 500 Internal Server Error'
--------------------------------------------------
[2026-04-12T18:13:42.323Z]
Context: fetchAllPaginated: https://api.brasiljunior.org.br/v1/portal/Ej/biophi-jr/role_histories?q%5Bs%5D=user_profile_name+asc%2C+start_at+desc&page=1&per_page=100
"Fetch failed with status: 500 Internal Server Error"
'Fetch failed with status: 500 Internal Server Error'
--------------------------------------------------
[2026-04-12T18:13:42.341Z]
Context: fetchAllPaginated: https://api.brasiljunior.org.br/v1/portal/Ej/biosfera-jr/role_histories?q%5Bs%5D=user_profile_name+asc%2C+start_at+desc&page=1&per_page=100
"Fetch failed with status: 500 Internal Server Error"
'Fetch failed with status: 500 Internal Server Error'
--------------------------------------------------
[2026-04-12T18:13:42.347Z]
Context: fetchAllPaginated: https://api.brasiljunior.org.br/v1/portal/Ej/salus-jr/role_histories?q%5Bs%5D=user_profile_name+asc%2C+start_at+desc&page=1&per_page=100
"Fetch failed with status: 500 Internal Server Error"
'Fetch failed with status: 500 Internal Server Error'
--------------------------------------------------
[2026-04-12T18:13:42.349Z]
Context: fetchAllPaginated: https://api.brasiljunior.org.br/v1/portal/Ej/quantis/role_histories?q%5Bs%5D=user_profile_name+asc%2C+start_at+desc&page=1&per_page=100
"Fetch failed with status: 500 Internal Server Error"
'Fetch failed with status: 500 Internal Server Error'
--------------------------------------------------
[2026-04-12T18:13:42.564Z]
Context: fetchAllPaginated: https://api.brasiljunior.org.br/v1/portal/Ej/alphamec-empresa-junior/role_histories?q%5Bs%5D=user_profile_name+asc%2C+start_at+desc&page=1&per_page=100
"Fetch failed with status: 500 Internal Server Error"
'Fetch failed with status: 500 Internal Server Error'
--------------------------------------------------
[2026-04-12T18:13:42.581Z]
Context: fetchAllPaginated: https://api.brasiljunior.org.br/v1/portal/Ej/agromais-jr/role_histories?q%5Bs%5D=user_profile_name+asc%2C+start_at+desc&page=1&per_page=100
"Fetch failed with status: 500 Internal Server Error"
'Fetch failed with status: 500 Internal Server Error'
--------------------------------------------------
[2026-04-12T18:13:42.627Z]
Context: fetchAllPaginated: https://api.brasiljunior.org.br/v1/portal/Ej/gaam-jr/role_histories?q%5Bs%5D=user_profile_name+asc%2C+start_at+desc&page=1&per_page=100
"Fetch failed with status: 500 Internal Server Error"
'Fetch failed with status: 500 Internal Server Error'
--------------------------------------------------
[2026-04-12T18:13:42.634Z]
Context: fetchAllPaginated: https://api.brasiljunior.org.br/v1/portal/Ej/psico-consultoriajunior/role_histories?q%5Bs%5D=user_profile_name+asc%2C+start_at+desc&page=1&per_page=100
"Fetch failed with status: 500 Internal Server Error"
'Fetch failed with status: 500 Internal Server Error'
--------------------------------------------------
[2026-04-12T18:13:42.672Z]
Context: fetchAllPaginated: https://api.brasiljunior.org.br/v1/portal/Ej/solucoes-quimicas-jr/role_histories?q%5Bs%5D=user_profile_name+asc%2C+start_at+desc&page=1&per_page=100
"Fetch failed with status: 500 Internal Server Error"
'Fetch failed with status: 500 Internal Server Error'
--------------------------------------------------
[2026-04-12T18:13:42.902Z]
Context: fetchAllPaginated: https://api.brasiljunior.org.br/v1/portal/Ej/biocenos-jr/role_histories?q%5Bs%5D=user_profile_name+asc%2C+start_at+desc&page=1&per_page=100
"Fetch failed with status: 500 Internal Server Error"
'Fetch failed with status: 500 Internal Server Error'
--------------------------------------------------
[2026-04-12T18:13:42.907Z]
Context: fetchAllPaginated: https://api.brasiljunior.org.br/v1/portal/Ej/cultivar-agrojunior/role_histories?q%5Bs%5D=user_profile_name+asc%2C+start_at+desc&page=1&per_page=100
"Fetch failed with status: 500 Internal Server Error"
'Fetch failed with status: 500 Internal Server Error'
--------------------------------------------------
[2026-04-12T18:13:42.925Z]
Context: fetchAllPaginated: https://api.brasiljunior.org.br/v1/portal/Ej/marie-curie-jr/role_histories?q%5Bs%5D=user_profile_name+asc%2C+start_at+desc&page=1&per_page=100
"Fetch failed with status: 500 Internal Server Error"
'Fetch failed with status: 500 Internal Server Error'
--------------------------------------------------
[2026-04-12T18:13:42.927Z]
Context: fetchAllPaginated: https://api.brasiljunior.org.br/v1/portal/Ej/iqsc-jr/role_histories?q%5Bs%5D=user_profile_name+asc%2C+start_at+desc&page=1&per_page=100
"Fetch failed with status: 500 Internal Server Error"
'Fetch failed with status: 500 Internal Server Error'
--------------------------------------------------
[2026-04-12T18:13:42.928Z]
Context: fetchAllPaginated: https://api.brasiljunior.org.br/v1/portal/Ej/plexus-jr/role_histories?q%5Bs%5D=user_profile_name+asc%2C+start_at+desc&page=1&per_page=100
"Fetch failed with status: 500 Internal Server Error"
'Fetch failed with status: 500 Internal Server Error'
--------------------------------------------------
[2026-04-12T18:13:43.166Z]
Context: fetchAllPaginated: https://api.brasiljunior.org.br/v1/portal/Ej/comunica-fono-jr/role_histories?q%5Bs%5D=user_profile_name+asc%2C+start_at+desc&page=1&per_page=100
"Fetch failed with status: 500 Internal Server Error"
'Fetch failed with status: 500 Internal Server Error'
--------------------------------------------------
[2026-04-12T18:13:43.178Z]
Context: fetchAllPaginated: https://api.brasiljunior.org.br/v1/portal/Ej/sirius-biotecnologia-jr/role_histories?q%5Bs%5D=user_profile_name+asc%2C+start_at+desc&page=1&per_page=100
"Fetch failed with status: 500 Internal Server Error"
'Fetch failed with status: 500 Internal Server Error'
--------------------------------------------------
[2026-04-12T18:13:43.213Z]
Context: fetchAllPaginated: https://api.brasiljunior.org.br/v1/portal/Ej/sustec-jr/role_histories?q%5Bs%5D=user_profile_name+asc%2C+start_at+desc&page=1&per_page=100
"Fetch failed with status: 500 Internal Server Error"
'Fetch failed with status: 500 Internal Server Error'
--------------------------------------------------
[2026-04-12T18:13:43.218Z]
Context: fetchAllPaginated: https://api.brasiljunior.org.br/v1/portal/Ej/empeltec-jr/role_histories?q%5Bs%5D=user_profile_name+asc%2C+start_at+desc&page=1&per_page=100
"Fetch failed with status: 500 Internal Server Error"
'Fetch failed with status: 500 Internal Server Error'
--------------------------------------------------
[2026-04-12T18:13:43.368Z]
Context: fetchAllPaginated: https://api.brasiljunior.org.br/v1/portal/Ej/jurisconsultus/role_histories?q%5Bs%5D=user_profile_name+asc%2C+start_at+desc&page=1&per_page=100
"Fetch failed with status: 500 Internal Server Error"
'Fetch failed with status: 500 Internal Server Error'
--------------------------------------------------
[2026-04-12T18:13:43.596Z]
Context: fetchAllPaginated: https://api.brasiljunior.org.br/v1/portal/Ej/empsi-jr/role_histories?q%5Bs%5D=user_profile_name+asc%2C+start_at+desc&page=1&per_page=100
"Fetch failed with status: 500 Internal Server Error"
'Fetch failed with status: 500 Internal Server Error'
--------------------------------------------------
[2026-04-12T18:13:43.617Z]
Context: fetchAllPaginated: https://api.brasiljunior.org.br/v1/portal/Ej/consultoria-solucoes-em-biotecnologia-junior/role_histories?q%5Bs%5D=user_profile_name+asc%2C+start_at+desc&page=1&per_page=100
"Fetch failed with status: 500 Internal Server Error"
'Fetch failed with status: 500 Internal Server Error'
--------------------------------------------------
[2026-04-12T18:13:43.618Z]
Context: fetchAllPaginated: https://api.brasiljunior.org.br/v1/portal/Ej/cap-jr-consultoria/role_histories?q%5Bs%5D=user_profile_name+asc%2C+start_at+desc&page=1&per_page=100
"Fetch failed with status: 500 Internal Server Error"
'Fetch failed with status: 500 Internal Server Error'
--------------------------------------------------
[2026-04-12T18:13:43.627Z]
Context: fetchAllPaginated: https://api.brasiljunior.org.br/v1/portal/Ej/zoot-jr/role_histories?q%5Bs%5D=user_profile_name+asc%2C+start_at+desc&page=1&per_page=100
"Fetch failed with status: 500 Internal Server Error"
'Fetch failed with status: 500 Internal Server Error'
--------------------------------------------------
[2026-04-12T18:13:43.628Z]
Context: fetchAllPaginated: https://api.brasiljunior.org.br/v1/portal/Ej/emvep-jr/role_histories?q%5Bs%5D=user_profile_name+asc%2C+start_at+desc&page=1&per_page=100
"Fetch failed with status: 500 Internal Server Error"
'Fetch failed with status: 500 Internal Server Error'
--------------------------------------------------
[2026-04-12T18:13:43.862Z]
Context: fetchAllPaginated: https://api.brasiljunior.org.br/v1/portal/Ej/info-jr/role_histories?q%5Bs%5D=user_profile_name+asc%2C+start_at+desc&page=1&per_page=100
"Fetch failed with status: 500 Internal Server Error"
'Fetch failed with status: 500 Internal Server Error'
--------------------------------------------------
[2026-04-12T18:13:43.871Z]
Context: fetchAllPaginated: https://api.brasiljunior.org.br/v1/portal/Ej/atom-jr/role_histories?q%5Bs%5D=user_profile_name+asc%2C+start_at+desc&page=1&per_page=100
"Fetch failed with status: 500 Internal Server Error"
'Fetch failed with status: 500 Internal Server Error'
--------------------------------------------------
[2026-04-12T18:13:43.888Z]
Context: fetchAllPaginated: https://api.brasiljunior.org.br/v1/portal/Ej/startup-engenharia/role_histories?q%5Bs%5D=user_profile_name+asc%2C+start_at+desc&page=1&per_page=100
"Fetch failed with status: 500 Internal Server Error"
'Fetch failed with status: 500 Internal Server Error'
--------------------------------------------------
[2026-04-12T18:13:43.889Z]
Context: fetchAllPaginated: https://api.brasiljunior.org.br/v1/portal/Ej/nutrirp/role_histories?q%5Bs%5D=user_profile_name+asc%2C+start_at+desc&page=1&per_page=100
"Fetch failed with status: 500 Internal Server Error"
'Fetch failed with status: 500 Internal Server Error'
--------------------------------------------------
[2026-04-12T18:13:43.890Z]
Context: fetchAllPaginated: https://api.brasiljunior.org.br/v1/portal/Ej/farmacon-jr/role_histories?q%5Bs%5D=user_profile_name+asc%2C+start_at+desc&page=1&per_page=100
"Fetch failed with status: 500 Internal Server Error"
'Fetch failed with status: 500 Internal Server Error'
--------------------------------------------------
[2026-04-12T18:13:44.125Z]
Context: fetchAllPaginated: https://api.brasiljunior.org.br/v1/portal/Ej/uni-facef-junior/role_histories?q%5Bs%5D=user_profile_name+asc%2C+start_at+desc&page=1&per_page=100
"Fetch failed with status: 500 Internal Server Error"
'Fetch failed with status: 500 Internal Server Error'
--------------------------------------------------
[2026-04-12T18:13:44.129Z]
Context: fetchAllPaginated: https://api.brasiljunior.org.br/v1/portal/Ej/cati-jr/role_histories?q%5Bs%5D=user_profile_name+asc%2C+start_at+desc&page=1&per_page=100
"Fetch failed with status: 500 Internal Server Error"
'Fetch failed with status: 500 Internal Server Error'
--------------------------------------------------
[2026-04-12T18:13:44.193Z]
Context: fetchAllPaginated: https://api.brasiljunior.org.br/v1/portal/Ej/orbe/role_histories?q%5Bs%5D=user_profile_name+asc%2C+start_at+desc&page=1&per_page=100
"Fetch failed with status: 500 Internal Server Error"
'Fetch failed with status: 500 Internal Server Error'
--------------------------------------------------
[2026-04-12T18:13:44.194Z]
Context: fetchAllPaginated: https://api.brasiljunior.org.br/v1/portal/Ej/biossistec-jr/role_histories?q%5Bs%5D=user_profile_name+asc%2C+start_at+desc&page=1&per_page=100
"Fetch failed with status: 500 Internal Server Error"
'Fetch failed with status: 500 Internal Server Error'
--------------------------------------------------
[2026-04-12T18:13:44.195Z]
Context: fetchAllPaginated: https://api.brasiljunior.org.br/v1/portal/Ej/qualimentos-junior/role_histories?q%5Bs%5D=user_profile_name+asc%2C+start_at+desc&page=1&per_page=100
"Fetch failed with status: 500 Internal Server Error"
'Fetch failed with status: 500 Internal Server Error'
--------------------------------------------------
[2026-04-12T18:13:44.415Z]
Context: fetchAllPaginated: https://api.brasiljunior.org.br/v1/portal/Ej/physis-jr/role_histories?q%5Bs%5D=user_profile_name+asc%2C+start_at+desc&page=1&per_page=100
"Fetch failed with status: 500 Internal Server Error"
'Fetch failed with status: 500 Internal Server Error'
--------------------------------------------------
[2026-04-12T18:13:44.419Z]
Context: fetchAllPaginated: https://api.brasiljunior.org.br/v1/portal/Ej/materiais-junior/role_histories?q%5Bs%5D=user_profile_name+asc%2C+start_at+desc&page=1&per_page=100
"Fetch failed with status: 500 Internal Server Error"
'Fetch failed with status: 500 Internal Server Error'
--------------------------------------------------
[2026-04-12T18:13:44.447Z]
Context: fetchAllPaginated: https://api.brasiljunior.org.br/v1/portal/Ej/eq-jr-consultoria-e-projetos/role_histories?q%5Bs%5D=user_profile_name+asc%2C+start_at+desc&page=1&per_page=100
"Fetch failed with status: 500 Internal Server Error"
'Fetch failed with status: 500 Internal Server Error'
--------------------------------------------------
[2026-04-12T18:13:44.449Z]
Context: fetchAllPaginated: https://api.brasiljunior.org.br/v1/portal/Ej/ejur-solucoes-juridicas/role_histories?q%5Bs%5D=user_profile_name+asc%2C+start_at+desc&page=1&per_page=100
"Fetch failed with status: 500 Internal Server Error"
'Fetch failed with status: 500 Internal Server Error'
--------------------------------------------------
[2026-04-12T18:13:44.453Z]
Context: fetchAllPaginated: https://api.brasiljunior.org.br/v1/portal/Ej/paulista-jr-projetos-consultoria/role_histories?q%5Bs%5D=user_profile_name+asc%2C+start_at+desc&page=1&per_page=100
"Fetch failed with status: 500 Internal Server Error"
'Fetch failed with status: 500 Internal Server Error'
--------------------------------------------------
[2026-04-12T18:13:44.666Z]
Context: fetchAllPaginated: https://api.brasiljunior.org.br/v1/portal/Ej/engeali/role_histories?q%5Bs%5D=user_profile_name+asc%2C+start_at+desc&page=1&per_page=100
"Fetch failed with status: 500 Internal Server Error"
'Fetch failed with status: 500 Internal Server Error'
--------------------------------------------------
[2026-04-12T18:13:44.673Z]
Context: fetchAllPaginated: https://api.brasiljunior.org.br/v1/portal/Ej/catalise-junior/role_histories?q%5Bs%5D=user_profile_name+asc%2C+start_at+desc&page=1&per_page=100
"Fetch failed with status: 500 Internal Server Error"
'Fetch failed with status: 500 Internal Server Error'
--------------------------------------------------
[2026-04-12T18:13:44.706Z]
Context: fetchAllPaginated: https://api.brasiljunior.org.br/v1/portal/Ej/ejeamb/role_histories?q%5Bs%5D=user_profile_name+asc%2C+start_at+desc&page=1&per_page=100
"Fetch failed with status: 500 Internal Server Error"
'Fetch failed with status: 500 Internal Server Error'
--------------------------------------------------
[2026-04-12T18:13:44.707Z]
Context: fetchAllPaginated: https://api.brasiljunior.org.br/v1/portal/Ej/edificar-jr/role_histories?q%5Bs%5D=user_profile_name+asc%2C+start_at+desc&page=1&per_page=100
"Fetch failed with status: 500 Internal Server Error"
'Fetch failed with status: 500 Internal Server Error'
--------------------------------------------------
[2026-04-12T18:13:44.709Z]
Context: fetchAllPaginated: https://api.brasiljunior.org.br/v1/portal/Ej/producao-jr/role_histories?q%5Bs%5D=user_profile_name+asc%2C+start_at+desc&page=1&per_page=100
"Fetch failed with status: 500 Internal Server Error"
'Fetch failed with status: 500 Internal Server Error'
--------------------------------------------------
[2026-04-12T18:13:44.955Z]
Context: fetchAllPaginated: https://api.brasiljunior.org.br/v1/portal/Ej/quimica-jr/role_histories?q%5Bs%5D=user_profile_name+asc%2C+start_at+desc&page=1&per_page=100
"Fetch failed with status: 500 Internal Server Error"
'Fetch failed with status: 500 Internal Server Error'
--------------------------------------------------
[2026-04-12T18:13:44.959Z]
Context: fetchAllPaginated: https://api.brasiljunior.org.br/v1/portal/Ej/engrenar-jr/role_histories?q%5Bs%5D=user_profile_name+asc%2C+start_at+desc&page=1&per_page=100
"Fetch failed with status: 500 Internal Server Error"
'Fetch failed with status: 500 Internal Server Error'
--------------------------------------------------
[2026-04-12T18:13:44.967Z]
Context: fetchAllPaginated: https://api.brasiljunior.org.br/v1/portal/Ej/icmc-junior/role_histories?q%5Bs%5D=user_profile_name+asc%2C+start_at+desc&page=1&per_page=100
"Fetch failed with status: 500 Internal Server Error"
'Fetch failed with status: 500 Internal Server Error'
--------------------------------------------------
[2026-04-12T18:13:44.969Z]
Context: fetchAllPaginated: https://api.brasiljunior.org.br/v1/portal/Ej/junior-fea-rp/role_histories?q%5Bs%5D=user_profile_name+asc%2C+start_at+desc&page=1&per_page=100
"Fetch failed with status: 500 Internal Server Error"
'Fetch failed with status: 500 Internal Server Error'
--------------------------------------------------
[2026-04-12T18:13:44.970Z]
Context: fetchAllPaginated: https://api.brasiljunior.org.br/v1/portal/Ej/irhis-consultoria-jr-psicologia/role_histories?q%5Bs%5D=user_profile_name+asc%2C+start_at+desc&page=1&per_page=100
"Fetch failed with status: 500 Internal Server Error"
'Fetch failed with status: 500 Internal Server Error'
--------------------------------------------------
[2026-04-12T18:13:45.188Z]
Context: fetchAllPaginated: https://api.brasiljunior.org.br/v1/portal/Ej/enger-junior/role_histories?q%5Bs%5D=user_profile_name+asc%2C+start_at+desc&page=1&per_page=100
"Fetch failed with status: 500 Internal Server Error"
'Fetch failed with status: 500 Internal Server Error'
--------------------------------------------------
[2026-04-12T18:13:45.203Z]
Context: fetchAllPaginated: https://api.brasiljunior.org.br/v1/portal/Ej/design-junior/role_histories?q%5Bs%5D=user_profile_name+asc%2C+start_at+desc&page=1&per_page=100
"Fetch failed with status: 500 Internal Server Error"
'Fetch failed with status: 500 Internal Server Error'
--------------------------------------------------
[2026-04-12T18:13:45.220Z]
Context: fetchAllPaginated: https://api.brasiljunior.org.br/v1/portal/Ej/apollo-med-jr/role_histories?q%5Bs%5D=user_profile_name+asc%2C+start_at+desc&page=1&per_page=100
"Fetch failed with status: 500 Internal Server Error"
'Fetch failed with status: 500 Internal Server Error'
--------------------------------------------------
[2026-04-12T18:13:45.227Z]
Context: fetchAllPaginated: https://api.brasiljunior.org.br/v1/portal/Ej/conapec-jr/role_histories?q%5Bs%5D=user_profile_name+asc%2C+start_at+desc&page=1&per_page=100
"Fetch failed with status: 500 Internal Server Error"
'Fetch failed with status: 500 Internal Server Error'
--------------------------------------------------
[2026-04-12T18:13:45.234Z]
Context: fetchAllPaginated: https://api.brasiljunior.org.br/v1/portal/Ej/eesc-jr/role_histories?q%5Bs%5D=user_profile_name+asc%2C+start_at+desc&page=1&per_page=100
"Fetch failed with status: 500 Internal Server Error"
'Fetch failed with status: 500 Internal Server Error'
--------------------------------------------------
[2026-04-12T18:13:45.442Z]
Context: fetchAllPaginated: https://api.brasiljunior.org.br/v1/portal/Ej/empresaj-nutricao-de-ruminantes/role_histories?q%5Bs%5D=user_profile_name+asc%2C+start_at+desc&page=1&per_page=100
"Fetch failed with status: 500 Internal Server Error"
'Fetch failed with status: 500 Internal Server Error'
--------------------------------------------------
[2026-04-12T18:13:45.483Z]
Context: fetchAllPaginated: https://api.brasiljunior.org.br/v1/portal/Ej/vanellus-empresa-junior/role_histories?q%5Bs%5D=user_profile_name+asc%2C+start_at+desc&page=1&per_page=100
"Fetch failed with status: 500 Internal Server Error"
'Fetch failed with status: 500 Internal Server Error'
--------------------------------------------------
[2026-04-12T18:13:45.489Z]
Context: fetchAllPaginated: https://api.brasiljunior.org.br/v1/portal/Ej/oris-junior/role_histories?q%5Bs%5D=user_profile_name+asc%2C+start_at+desc&page=1&per_page=100
"Fetch failed with status: 500 Internal Server Error"
'Fetch failed with status: 500 Internal Server Error'
--------------------------------------------------
[2026-04-12T18:13:45.494Z]
Context: fetchAllPaginated: https://api.brasiljunior.org.br/v1/portal/Ej/locomotiva-jr/role_histories?q%5Bs%5D=user_profile_name+asc%2C+start_at+desc&page=1&per_page=100
"Fetch failed with status: 500 Internal Server Error"
'Fetch failed with status: 500 Internal Server Error'
--------------------------------------------------
[2026-04-12T18:13:45.531Z]
Context: fetchAllPaginated: https://api.brasiljunior.org.br/v1/portal/Ej/ceavet-consultoria-e-assessoria/role_histories?q%5Bs%5D=user_profile_name+asc%2C+start_at+desc&page=1&per_page=100
"Fetch failed with status: 500 Internal Server Error"
'Fetch failed with status: 500 Internal Server Error'
--------------------------------------------------
[2026-04-12T18:13:45.763Z]
Context: fetchAllPaginated: https://api.brasiljunior.org.br/v1/portal/Ej/facic-junior-unoeste/role_histories?q%5Bs%5D=user_profile_name+asc%2C+start_at+desc&page=1&per_page=100
"Fetch failed with status: 500 Internal Server Error"
'Fetch failed with status: 500 Internal Server Error'
--------------------------------------------------
[2026-04-12T18:13:45.784Z]
Context: fetchAllPaginated: https://api.brasiljunior.org.br/v1/portal/Ej/fono-junior/role_histories?q%5Bs%5D=user_profile_name+asc%2C+start_at+desc&page=1&per_page=100
"Fetch failed with status: 500 Internal Server Error"
'Fetch failed with status: 500 Internal Server Error'
--------------------------------------------------
[2026-04-12T18:13:45.802Z]
Context: fetchAllPaginated: https://api.brasiljunior.org.br/v1/portal/Ej/empgeo-jr/role_histories?q%5Bs%5D=user_profile_name+asc%2C+start_at+desc&page=1&per_page=100
"Fetch failed with status: 500 Internal Server Error"
'Fetch failed with status: 500 Internal Server Error'
--------------------------------------------------
[2026-04-12T18:13:45.803Z]
Context: fetchAllPaginated: https://api.brasiljunior.org.br/v1/portal/Ej/lideres-jr/role_histories?q%5Bs%5D=user_profile_name+asc%2C+start_at+desc&page=1&per_page=100
"Fetch failed with status: 500 Internal Server Error"
'Fetch failed with status: 500 Internal Server Error'
--------------------------------------------------
[2026-04-12T18:13:45.811Z]
Context: fetchAllPaginated: https://api.brasiljunior.org.br/v1/portal/Ej/intergestao-jr/role_histories?q%5Bs%5D=user_profile_name+asc%2C+start_at+desc&page=1&per_page=100
"Fetch failed with status: 500 Internal Server Error"
'Fetch failed with status: 500 Internal Server Error'
--------------------------------------------------
[2026-04-12T18:13:46.052Z]
Context: fetchAllPaginated: https://api.brasiljunior.org.br/v1/portal/Ej/ejecart-empresa-junior-de-engenharia-cartografica/role_histories?q%5Bs%5D=user_profile_name+asc%2C+start_at+desc&page=1&per_page=100
"Fetch failed with status: 500 Internal Server Error"
'Fetch failed with status: 500 Internal Server Error'
--------------------------------------------------
[2026-04-12T18:13:46.053Z]
Context: fetchAllPaginated: https://api.brasiljunior.org.br/v1/portal/Ej/anifort-consultoria-agropecuaria/role_histories?q%5Bs%5D=user_profile_name+asc%2C+start_at+desc&page=1&per_page=100
"Fetch failed with status: 500 Internal Server Error"
'Fetch failed with status: 500 Internal Server Error'
--------------------------------------------------
[2026-04-12T18:13:46.072Z]
Context: fetchAllPaginated: https://api.brasiljunior.org.br/v1/portal/Ej/ibb-junior/role_histories?q%5Bs%5D=user_profile_name+asc%2C+start_at+desc&page=1&per_page=100
"Fetch failed with status: 500 Internal Server Error"
'Fetch failed with status: 500 Internal Server Error'
--------------------------------------------------
[2026-04-12T18:13:46.082Z]
Context: fetchAllPaginated: https://api.brasiljunior.org.br/v1/portal/Ej/ejest-empresa-junior-de-estatistica/role_histories?q%5Bs%5D=user_profile_name+asc%2C+start_at+desc&page=1&per_page=100
"Fetch failed with status: 500 Internal Server Error"
'Fetch failed with status: 500 Internal Server Error'
--------------------------------------------------
[2026-04-12T18:13:46.083Z]
Context: fetchAllPaginated: https://api.brasiljunior.org.br/v1/portal/Ej/aravetjr/role_histories?q%5Bs%5D=user_profile_name+asc%2C+start_at+desc&page=1&per_page=100
"Fetch failed with status: 500 Internal Server Error"
'Fetch failed with status: 500 Internal Server Error'
--------------------------------------------------
[2026-04-12T18:13:46.328Z]
Context: fetchAllPaginated: https://api.brasiljunior.org.br/v1/portal/Ej/bioprox-junior/role_histories?q%5Bs%5D=user_profile_name+asc%2C+start_at+desc&page=1&per_page=100
"Fetch failed with status: 500 Internal Server Error"
'Fetch failed with status: 500 Internal Server Error'
--------------------------------------------------
[2026-04-12T18:13:46.328Z]
Context: fetchAllPaginated: https://api.brasiljunior.org.br/v1/portal/Ej/atmos-junior/role_histories?q%5Bs%5D=user_profile_name+asc%2C+start_at+desc&page=1&per_page=100
"Fetch failed with status: 500 Internal Server Error"
'Fetch failed with status: 500 Internal Server Error'
--------------------------------------------------
[2026-04-12T18:13:46.330Z]
Context: fetchAllPaginated: https://api.brasiljunior.org.br/v1/portal/Ej/cenagri-jr/role_histories?q%5Bs%5D=user_profile_name+asc%2C+start_at+desc&page=1&per_page=100
"Fetch failed with status: 500 Internal Server Error"
'Fetch failed with status: 500 Internal Server Error'
--------------------------------------------------
[2026-04-12T18:13:46.339Z]
Context: fetchAllPaginated: https://api.brasiljunior.org.br/v1/portal/Ej/ejcomp/role_histories?q%5Bs%5D=user_profile_name+asc%2C+start_at+desc&page=1&per_page=100
"Fetch failed with status: 500 Internal Server Error"
'Fetch failed with status: 500 Internal Server Error'
--------------------------------------------------
[2026-04-12T18:13:46.343Z]
Context: fetchAllPaginated: https://api.brasiljunior.org.br/v1/portal/Ej/jornal-jr/role_histories?q%5Bs%5D=user_profile_name+asc%2C+start_at+desc&page=1&per_page=100
"Fetch failed with status: 500 Internal Server Error"
'Fetch failed with status: 500 Internal Server Error'
--------------------------------------------------
[2026-04-12T18:13:46.569Z]
Context: fetchAllPaginated: https://api.brasiljunior.org.br/v1/portal/Ej/conflor-junior/role_histories?q%5Bs%5D=user_profile_name+asc%2C+start_at+desc&page=1&per_page=100
"Fetch failed with status: 500 Internal Server Error"
'Fetch failed with status: 500 Internal Server Error'
--------------------------------------------------
[2026-04-12T18:13:46.570Z]
Context: fetchAllPaginated: https://api.brasiljunior.org.br/v1/portal/Ej/biomas/role_histories?q%5Bs%5D=user_profile_name+asc%2C+start_at+desc&page=1&per_page=100
"Fetch failed with status: 500 Internal Server Error"
'Fetch failed with status: 500 Internal Server Error'
--------------------------------------------------
[2026-04-12T18:13:46.588Z]
Context: fetchAllPaginated: https://api.brasiljunior.org.br/v1/portal/Ej/ramo-da-terra-empresa-junior/role_histories?q%5Bs%5D=user_profile_name+asc%2C+start_at+desc&page=1&per_page=100
"Fetch failed with status: 500 Internal Server Error"
'Fetch failed with status: 500 Internal Server Error'
--------------------------------------------------
[2026-04-12T18:13:46.591Z]
Context: fetchAllPaginated: https://api.brasiljunior.org.br/v1/portal/Ej/ejenutri/role_histories?q%5Bs%5D=user_profile_name+asc%2C+start_at+desc&page=1&per_page=100
"Fetch failed with status: 500 Internal Server Error"
'Fetch failed with status: 500 Internal Server Error'
--------------------------------------------------
[2026-04-12T18:13:46.594Z]
Context: fetchAllPaginated: https://api.brasiljunior.org.br/v1/portal/Ej/opera-krios-empresa-junior-de-arquitetura-e-urbanismo/role_histories?q%5Bs%5D=user_profile_name+asc%2C+start_at+desc&page=1&per_page=100
"Fetch failed with status: 500 Internal Server Error"
'Fetch failed with status: 500 Internal Server Error'
--------------------------------------------------
[2026-04-12T18:13:46.805Z]
Context: fetchAllPaginated: https://api.brasiljunior.org.br/v1/portal/Ej/precisao-engenharia-empresa-junior-de-engenharia-mecanica/role_histories?q%5Bs%5D=user_profile_name+asc%2C+start_at+desc&page=1&per_page=100
"Fetch failed with status: 500 Internal Server Error"
'Fetch failed with status: 500 Internal Server Error'
--------------------------------------------------
[2026-04-12T18:13:46.809Z]
Context: fetchAllPaginated: https://api.brasiljunior.org.br/v1/portal/Ej/sage-solucoes-globais/role_histories?q%5Bs%5D=user_profile_name+asc%2C+start_at+desc&page=1&per_page=100
"Fetch failed with status: 500 Internal Server Error"
'Fetch failed with status: 500 Internal Server Error'
--------------------------------------------------
[2026-04-12T18:13:46.835Z]
Context: fetchAllPaginated: https://api.brasiljunior.org.br/v1/portal/Ej/alicerce-empresa-junior-de-engenharia-civil/role_histories?q%5Bs%5D=user_profile_name+asc%2C+start_at+desc&page=1&per_page=100
"Fetch failed with status: 500 Internal Server Error"
'Fetch failed with status: 500 Internal Server Error'
--------------------------------------------------
[2026-04-12T18:13:46.839Z]
Context: fetchAllPaginated: https://api.brasiljunior.org.br/v1/portal/Ej/potencial-projetos-eletricos/role_histories?q%5Bs%5D=user_profile_name+asc%2C+start_at+desc&page=1&per_page=100
"Fetch failed with status: 500 Internal Server Error"
'Fetch failed with status: 500 Internal Server Error'
--------------------------------------------------
[2026-04-12T18:13:46.840Z]
Context: fetchAllPaginated: https://api.brasiljunior.org.br/v1/portal/Ej/geoambientaljr/role_histories?q%5Bs%5D=user_profile_name+asc%2C+start_at+desc&page=1&per_page=100
"Fetch failed with status: 500 Internal Server Error"
'Fetch failed with status: 500 Internal Server Error'
--------------------------------------------------
[2026-04-12T18:13:47.052Z]
Context: fetchAllPaginated: https://api.brasiljunior.org.br/v1/portal/Ej/interage-jr/role_histories?q%5Bs%5D=user_profile_name+asc%2C+start_at+desc&page=1&per_page=100
"Fetch failed with status: 500 Internal Server Error"
'Fetch failed with status: 500 Internal Server Error'
--------------------------------------------------
[2026-04-12T18:13:47.053Z]
Context: fetchAllPaginated: https://api.brasiljunior.org.br/v1/portal/Ej/empreender-jr/role_histories?q%5Bs%5D=user_profile_name+asc%2C+start_at+desc&page=1&per_page=100
"Fetch failed with status: 500 Internal Server Error"
'Fetch failed with status: 500 Internal Server Error'
--------------------------------------------------
[2026-04-12T18:13:47.081Z]
Context: fetchAllPaginated: https://api.brasiljunior.org.br/v1/portal/Ej/projunior-projetos-e-consultoria/role_histories?q%5Bs%5D=user_profile_name+asc%2C+start_at+desc&page=1&per_page=100
"Fetch failed with status: 500 Internal Server Error"
'Fetch failed with status: 500 Internal Server Error'
--------------------------------------------------
[2026-04-12T18:13:47.082Z]
Context: fetchAllPaginated: https://api.brasiljunior.org.br/v1/portal/Ej/rpjr/role_histories?q%5Bs%5D=user_profile_name+asc%2C+start_at+desc&page=1&per_page=100
"Fetch failed with status: 500 Internal Server Error"
'Fetch failed with status: 500 Internal Server Error'
--------------------------------------------------
[2026-04-12T18:13:47.105Z]
Context: fetchAllPaginated: https://api.brasiljunior.org.br/v1/portal/Ej/humanus-empresa-junior/role_histories?q%5Bs%5D=user_profile_name+asc%2C+start_at+desc&page=1&per_page=100
"Fetch failed with status: 500 Internal Server Error"
'Fetch failed with status: 500 Internal Server Error'
--------------------------------------------------
[2026-04-12T18:13:47.335Z]
Context: fetchAllPaginated: https://api.brasiljunior.org.br/v1/portal/Ej/lige-fgv/role_histories?q%5Bs%5D=user_profile_name+asc%2C+start_at+desc&page=1&per_page=100
"Fetch failed with status: 500 Internal Server Error"
'Fetch failed with status: 500 Internal Server Error'
--------------------------------------------------
[2026-04-12T18:13:47.348Z]
Context: fetchAllPaginated: https://api.brasiljunior.org.br/v1/portal/Ej/inova-santa-jr/role_histories?q%5Bs%5D=user_profile_name+asc%2C+start_at+desc&page=1&per_page=100
"Fetch failed with status: 500 Internal Server Error"
'Fetch failed with status: 500 Internal Server Error'
--------------------------------------------------
[2026-04-12T18:13:47.360Z]
Context: fetchAllPaginated: https://api.brasiljunior.org.br/v1/portal/Ej/pharminder/role_histories?q%5Bs%5D=user_profile_name+asc%2C+start_at+desc&page=1&per_page=100
"Fetch failed with status: 500 Internal Server Error"
'Fetch failed with status: 500 Internal Server Error'
--------------------------------------------------
[2026-04-12T18:13:47.363Z]
Context: fetchAllPaginated: https://api.brasiljunior.org.br/v1/portal/Ej/consult-mkt-universitaria-gv/role_histories?q%5Bs%5D=user_profile_name+asc%2C+start_at+desc&page=1&per_page=100
"Fetch failed with status: 500 Internal Server Error"
'Fetch failed with status: 500 Internal Server Error'
--------------------------------------------------
[2026-04-12T18:13:47.374Z]
Context: fetchAllPaginated: https://api.brasiljunior.org.br/v1/portal/Ej/biotec-junior/role_histories?q%5Bs%5D=user_profile_name+asc%2C+start_at+desc&page=1&per_page=100
"Fetch failed with status: 500 Internal Server Error"
'Fetch failed with status: 500 Internal Server Error'
--------------------------------------------------
[2026-04-12T18:13:47.620Z]
Context: fetchAllPaginated: https://api.brasiljunior.org.br/v1/portal/Ej/consultoria-junior-einstein/role_histories?q%5Bs%5D=user_profile_name+asc%2C+start_at+desc&page=1&per_page=100
"Fetch failed with status: 500 Internal Server Error"
'Fetch failed with status: 500 Internal Server Error'
--------------------------------------------------
[2026-04-12T18:13:47.629Z]
Context: fetchAllPaginated: https://api.brasiljunior.org.br/v1/portal/Ej/consultri/role_histories?q%5Bs%5D=user_profile_name+asc%2C+start_at+desc&page=1&per_page=100
"Fetch failed with status: 500 Internal Server Error"
'Fetch failed with status: 500 Internal Server Error'
--------------------------------------------------
[2026-04-12T18:13:47.636Z]
Context: fetchAllPaginated: https://api.brasiljunior.org.br/v1/portal/Ej/espm-jr/role_histories?q%5Bs%5D=user_profile_name+asc%2C+start_at+desc&page=1&per_page=100
"Fetch failed with status: 500 Internal Server Error"
'Fetch failed with status: 500 Internal Server Error'
--------------------------------------------------
[2026-04-12T18:13:47.637Z]
Context: fetchAllPaginated: https://api.brasiljunior.org.br/v1/portal/Ej/business-innovation-jr/role_histories?q%5Bs%5D=user_profile_name+asc%2C+start_at+desc&page=1&per_page=100
"Fetch failed with status: 500 Internal Server Error"
'Fetch failed with status: 500 Internal Server Error'
--------------------------------------------------
[2026-04-12T18:13:47.638Z]
Context: fetchAllPaginated: https://api.brasiljunior.org.br/v1/portal/Ej/inteli-junior/role_histories?q%5Bs%5D=user_profile_name+asc%2C+start_at+desc&page=1&per_page=100
"Fetch failed with status: 500 Internal Server Error"
'Fetch failed with status: 500 Internal Server Error'
--------------------------------------------------
[2026-04-12T18:13:47.877Z]
Context: fetchAllPaginated: https://api.brasiljunior.org.br/v1/portal/Ej/fia-junior-consultoria/role_histories?q%5Bs%5D=user_profile_name+asc%2C+start_at+desc&page=1&per_page=100
"Fetch failed with status: 500 Internal Server Error"
'Fetch failed with status: 500 Internal Server Error'
--------------------------------------------------
[2026-04-12T18:13:47.878Z]
Context: fetchAllPaginated: https://api.brasiljunior.org.br/v1/portal/Ej/jr-fei/role_histories?q%5Bs%5D=user_profile_name+asc%2C+start_at+desc&page=1&per_page=100
"Fetch failed with status: 500 Internal Server Error"
'Fetch failed with status: 500 Internal Server Error'
--------------------------------------------------
[2026-04-12T18:13:47.879Z]
Context: fetchAllPaginated: https://api.brasiljunior.org.br/v1/portal/Ej/amplia-fono-jr/role_histories?q%5Bs%5D=user_profile_name+asc%2C+start_at+desc&page=1&per_page=100
"Fetch failed with status: 500 Internal Server Error"
'Fetch failed with status: 500 Internal Server Error'
--------------------------------------------------
[2026-04-12T18:13:47.890Z]
Context: fetchAllPaginated: https://api.brasiljunior.org.br/v1/portal/Ej/humanitasjunior/role_histories?q%5Bs%5D=user_profile_name+asc%2C+start_at+desc&page=1&per_page=100
"Fetch failed with status: 500 Internal Server Error"
'Fetch failed with status: 500 Internal Server Error'
--------------------------------------------------
[2026-04-12T18:13:47.894Z]
Context: fetchAllPaginated: https://api.brasiljunior.org.br/v1/portal/Ej/expori-jr-fgv/role_histories?q%5Bs%5D=user_profile_name+asc%2C+start_at+desc&page=1&per_page=100
"Fetch failed with status: 500 Internal Server Error"
'Fetch failed with status: 500 Internal Server Error'
--------------------------------------------------
[2026-04-12T18:13:48.128Z]
Context: fetchAllPaginated: https://api.brasiljunior.org.br/v1/portal/Ej/belas-artes-jr/role_histories?q%5Bs%5D=user_profile_name+asc%2C+start_at+desc&page=1&per_page=100
"Fetch failed with status: 500 Internal Server Error"
'Fetch failed with status: 500 Internal Server Error'
--------------------------------------------------
[2026-04-12T18:13:48.133Z]
Context: fetchAllPaginated: https://api.brasiljunior.org.br/v1/portal/Ej/fecap-junior/role_histories?q%5Bs%5D=user_profile_name+asc%2C+start_at+desc&page=1&per_page=100
"Fetch failed with status: 500 Internal Server Error"
'Fetch failed with status: 500 Internal Server Error'
--------------------------------------------------
[2026-04-12T18:13:48.155Z]
Context: fetchAllPaginated: https://api.brasiljunior.org.br/v1/portal/Ej/casec-jr/role_histories?q%5Bs%5D=user_profile_name+asc%2C+start_at+desc&page=1&per_page=100
"Fetch failed with status: 500 Internal Server Error"
'Fetch failed with status: 500 Internal Server Error'
--------------------------------------------------
[2026-04-12T18:13:48.156Z]
Context: fetchAllPaginated: https://api.brasiljunior.org.br/v1/portal/Ej/alpha-international-jr/role_histories?q%5Bs%5D=user_profile_name+asc%2C+start_at+desc&page=1&per_page=100
"Fetch failed with status: 500 Internal Server Error"
'Fetch failed with status: 500 Internal Server Error'
--------------------------------------------------
[2026-04-12T18:13:48.156Z]
Context: fetchAllPaginated: https://api.brasiljunior.org.br/v1/portal/Ej/seiva-jr/role_histories?q%5Bs%5D=user_profile_name+asc%2C+start_at+desc&page=1&per_page=100
"Fetch failed with status: 500 Internal Server Error"
'Fetch failed with status: 500 Internal Server Error'
--------------------------------------------------
[2026-04-12T18:13:48.369Z]
Context: fetchAllPaginated: https://api.brasiljunior.org.br/v1/portal/Ej/estudio-nove/role_histories?q%5Bs%5D=user_profile_name+asc%2C+start_at+desc&page=1&per_page=100
"Fetch failed with status: 500 Internal Server Error"
'Fetch failed with status: 500 Internal Server Error'
--------------------------------------------------
[2026-04-12T18:13:48.374Z]
Context: fetchAllPaginated: https://api.brasiljunior.org.br/v1/portal/Ej/trinus-jr/role_histories?q%5Bs%5D=user_profile_name+asc%2C+start_at+desc&page=1&per_page=100
"Fetch failed with status: 500 Internal Server Error"
'Fetch failed with status: 500 Internal Server Error'
--------------------------------------------------
[2026-04-12T18:13:48.417Z]
Context: fetchAllPaginated: https://api.brasiljunior.org.br/v1/portal/Ej/principia-junior/role_histories?q%5Bs%5D=user_profile_name+asc%2C+start_at+desc&page=1&per_page=100
"Fetch failed with status: 500 Internal Server Error"
'Fetch failed with status: 500 Internal Server Error'
--------------------------------------------------
[2026-04-12T18:13:48.418Z]
Context: fetchAllPaginated: https://api.brasiljunior.org.br/v1/portal/Ej/empresa-junior-de-gestao-ambiental/role_histories?q%5Bs%5D=user_profile_name+asc%2C+start_at+desc&page=1&per_page=100
"Fetch failed with status: 500 Internal Server Error"
'Fetch failed with status: 500 Internal Server Error'
--------------------------------------------------
[2026-04-12T18:13:48.420Z]
Context: fetchAllPaginated: https://api.brasiljunior.org.br/v1/portal/Ej/solbio/role_histories?q%5Bs%5D=user_profile_name+asc%2C+start_at+desc&page=1&per_page=100
"Fetch failed with status: 500 Internal Server Error"
'Fetch failed with status: 500 Internal Server Error'
--------------------------------------------------
[2026-04-12T18:13:48.645Z]
Context: fetchAllPaginated: https://api.brasiljunior.org.br/v1/portal/Ej/cejur-fgv/role_histories?q%5Bs%5D=user_profile_name+asc%2C+start_at+desc&page=1&per_page=100
"Fetch failed with status: 500 Internal Server Error"
'Fetch failed with status: 500 Internal Server Error'
--------------------------------------------------
[2026-04-12T18:13:48.664Z]
Context: fetchAllPaginated: https://api.brasiljunior.org.br/v1/portal/Ej/scitec-jr/role_histories?q%5Bs%5D=user_profile_name+asc%2C+start_at+desc&page=1&per_page=100
"Fetch failed with status: 500 Internal Server Error"
'Fetch failed with status: 500 Internal Server Error'
--------------------------------------------------
[2026-04-12T18:13:48.694Z]
Context: fetchAllPaginated: https://api.brasiljunior.org.br/v1/portal/Ej/fauuspjr/role_histories?q%5Bs%5D=user_profile_name+asc%2C+start_at+desc&page=1&per_page=100
"Fetch failed with status: 500 Internal Server Error"
'Fetch failed with status: 500 Internal Server Error'
--------------------------------------------------
[2026-04-12T18:13:48.715Z]
Context: fetchAllPaginated: https://api.brasiljunior.org.br/v1/portal/Ej/ibmec-consultant-jr/role_histories?q%5Bs%5D=user_profile_name+asc%2C+start_at+desc&page=1&per_page=100
"Fetch failed with status: 500 Internal Server Error"
'Fetch failed with status: 500 Internal Server Error'
--------------------------------------------------
[2026-04-12T18:13:48.716Z]
Context: fetchAllPaginated: https://api.brasiljunior.org.br/v1/portal/Ej/lzt-junior/role_histories?q%5Bs%5D=user_profile_name+asc%2C+start_at+desc&page=1&per_page=100
"Fetch failed with status: 500 Internal Server Error"
'Fetch failed with status: 500 Internal Server Error'
--------------------------------------------------
[2026-04-12T18:13:48.931Z]
Context: fetchAllPaginated: https://api.brasiljunior.org.br/v1/portal/Ej/valejur/role_histories?q%5Bs%5D=user_profile_name+asc%2C+start_at+desc&page=1&per_page=100
"Fetch failed with status: 500 Internal Server Error"
'Fetch failed with status: 500 Internal Server Error'
--------------------------------------------------
[2026-04-12T18:13:48.939Z]
Context: fetchAllPaginated: https://api.brasiljunior.org.br/v1/portal/Ej/epeq-jr/role_histories?q%5Bs%5D=user_profile_name+asc%2C+start_at+desc&page=1&per_page=100
"Fetch failed with status: 500 Internal Server Error"
'Fetch failed with status: 500 Internal Server Error'
--------------------------------------------------
[2026-04-12T18:13:48.977Z]
Context: fetchAllPaginated: https://api.brasiljunior.org.br/v1/portal/Ej/eppenjr/role_histories?q%5Bs%5D=user_profile_name+asc%2C+start_at+desc&page=1&per_page=100
"Fetch failed with status: 500 Internal Server Error"
'Fetch failed with status: 500 Internal Server Error'
--------------------------------------------------
[2026-04-12T18:13:48.981Z]
Context: fetchAllPaginated: https://api.brasiljunior.org.br/v1/portal/Ej/protos-biotec-jr/role_histories?q%5Bs%5D=user_profile_name+asc%2C+start_at+desc&page=1&per_page=100
"Fetch failed with status: 500 Internal Server Error"
'Fetch failed with status: 500 Internal Server Error'
--------------------------------------------------
[2026-04-12T18:13:48.986Z]
Context: fetchAllPaginated: https://api.brasiljunior.org.br/v1/portal/Ej/atrium-empresa-junior-de-arquitetura-e-urbanismo-da-universidade-de-taubate/role_histories?q%5Bs%5D=user_profile_name+asc%2C+start_at+desc&page=1&per_page=100
"Fetch failed with status: 500 Internal Server Error"
'Fetch failed with status: 500 Internal Server Error'
--------------------------------------------------
[2026-04-12T18:13:49.219Z]
Context: fetchAllPaginated: https://api.brasiljunior.org.br/v1/portal/Ej/instituto-do-mar-junior/role_histories?q%5Bs%5D=user_profile_name+asc%2C+start_at+desc&page=1&per_page=100
"Fetch failed with status: 500 Internal Server Error"
'Fetch failed with status: 500 Internal Server Error'
--------------------------------------------------
[2026-04-12T18:13:49.221Z]
Context: fetchAllPaginated: https://api.brasiljunior.org.br/v1/portal/Ej/sintese-jr/role_histories?q%5Bs%5D=user_profile_name+asc%2C+start_at+desc&page=1&per_page=100
"Fetch failed with status: 500 Internal Server Error"
'Fetch failed with status: 500 Internal Server Error'
--------------------------------------------------
[2026-04-12T18:13:49.247Z]
Context: fetchAllPaginated: https://api.brasiljunior.org.br/v1/portal/Ej/sanfran-jr/role_histories?q%5Bs%5D=user_profile_name+asc%2C+start_at+desc&page=1&per_page=100
"Fetch failed with status: 500 Internal Server Error"
'Fetch failed with status: 500 Internal Server Error'
--------------------------------------------------
[2026-04-12T18:13:49.271Z]
Context: fetchAllPaginated: https://api.brasiljunior.org.br/v1/portal/Ej/agencia-junior-de-comunicacao-mackenzie/role_histories?q%5Bs%5D=user_profile_name+asc%2C+start_at+desc&page=1&per_page=100
"Fetch failed with status: 500 Internal Server Error"
'Fetch failed with status: 500 Internal Server Error'
--------------------------------------------------
[2026-04-12T18:13:49.272Z]
Context: fetchAllPaginated: https://api.brasiljunior.org.br/v1/portal/Ej/gamma-jr-engenharia/role_histories?q%5Bs%5D=user_profile_name+asc%2C+start_at+desc&page=1&per_page=100
"Fetch failed with status: 500 Internal Server Error"
'Fetch failed with status: 500 Internal Server Error'
--------------------------------------------------
[2026-04-12T18:13:49.499Z]
Context: fetchAllPaginated: https://api.brasiljunior.org.br/v1/portal/Ej/jovens-projetistas/role_histories?q%5Bs%5D=user_profile_name+asc%2C+start_at+desc&page=1&per_page=100
"Fetch failed with status: 500 Internal Server Error"
'Fetch failed with status: 500 Internal Server Error'
--------------------------------------------------
[2026-04-12T18:13:49.538Z]
Context: fetchAllPaginated: https://api.brasiljunior.org.br/v1/portal/Ej/icbjr-sp/role_histories?q%5Bs%5D=user_profile_name+asc%2C+start_at+desc&page=1&per_page=100
"Fetch failed with status: 500 Internal Server Error"
'Fetch failed with status: 500 Internal Server Error'
--------------------------------------------------
[2026-04-12T18:13:49.540Z]
Context: fetchAllPaginated: https://api.brasiljunior.org.br/v1/portal/Ej/inova-quimica-jr/role_histories?q%5Bs%5D=user_profile_name+asc%2C+start_at+desc&page=1&per_page=100
"Fetch failed with status: 500 Internal Server Error"
'Fetch failed with status: 500 Internal Server Error'
--------------------------------------------------
[2026-04-12T18:13:49.554Z]
Context: fetchAllPaginated: https://api.brasiljunior.org.br/v1/portal/Ej/jornalismo-junior/role_histories?q%5Bs%5D=user_profile_name+asc%2C+start_at+desc&page=1&per_page=100
"Fetch failed with status: 500 Internal Server Error"
'Fetch failed with status: 500 Internal Server Error'
--------------------------------------------------
[2026-04-12T18:13:49.565Z]
Context: fetchAllPaginated: https://api.brasiljunior.org.br/v1/portal/Ej/ri-usp-jr/role_histories?q%5Bs%5D=user_profile_name+asc%2C+start_at+desc&page=1&per_page=100
"Fetch failed with status: 500 Internal Server Error"
'Fetch failed with status: 500 Internal Server Error'
--------------------------------------------------
[2026-04-12T18:13:49.808Z]
Context: fetchAllPaginated: https://api.brasiljunior.org.br/v1/portal/Ej/nutri-jr-usp/role_histories?q%5Bs%5D=user_profile_name+asc%2C+start_at+desc&page=1&per_page=100
"Fetch failed with status: 500 Internal Server Error"
'Fetch failed with status: 500 Internal Server Error'
--------------------------------------------------
[2026-04-12T18:13:49.819Z]
Context: fetchAllPaginated: https://api.brasiljunior.org.br/v1/portal/Ej/geo-junior-consultoria/role_histories?q%5Bs%5D=user_profile_name+asc%2C+start_at+desc&page=1&per_page=100
"Fetch failed with status: 500 Internal Server Error"
'Fetch failed with status: 500 Internal Server Error'
--------------------------------------------------
[2026-04-12T18:13:49.860Z]
Context: fetchAllPaginated: https://api.brasiljunior.org.br/v1/portal/Ej/farma-junior/role_histories?q%5Bs%5D=user_profile_name+asc%2C+start_at+desc&page=1&per_page=100
"Fetch failed with status: 500 Internal Server Error"
'Fetch failed with status: 500 Internal Server Error'
--------------------------------------------------
[2026-04-12T18:13:49.862Z]
Context: fetchAllPaginated: https://api.brasiljunior.org.br/v1/portal/Ej/eefusp-junior-consultoria/role_histories?q%5Bs%5D=user_profile_name+asc%2C+start_at+desc&page=1&per_page=100
"Fetch failed with status: 500 Internal Server Error"
'Fetch failed with status: 500 Internal Server Error'
--------------------------------------------------
[2026-04-12T18:13:49.871Z]
Context: fetchAllPaginated: https://api.brasiljunior.org.br/v1/portal/Ej/iag-jr/role_histories?q%5Bs%5D=user_profile_name+asc%2C+start_at+desc&page=1&per_page=100
"Fetch failed with status: 500 Internal Server Error"
'Fetch failed with status: 500 Internal Server Error'
--------------------------------------------------
[2026-04-12T18:13:50.111Z]
Context: fetchAllPaginated: https://api.brasiljunior.org.br/v1/portal/Ej/marketing-junior-usp/role_histories?q%5Bs%5D=user_profile_name+asc%2C+start_at+desc&page=1&per_page=100
"Fetch failed with status: 500 Internal Server Error"
'Fetch failed with status: 500 Internal Server Error'
--------------------------------------------------
[2026-04-12T18:13:50.115Z]
Context: fetchAllPaginated: https://api.brasiljunior.org.br/v1/portal/Ej/eel-junior/role_histories?q%5Bs%5D=user_profile_name+asc%2C+start_at+desc&page=1&per_page=100
"Fetch failed with status: 500 Internal Server Error"
'Fetch failed with status: 500 Internal Server Error'
--------------------------------------------------
[2026-04-12T18:13:50.119Z]
Context: fetchAllPaginated: https://api.brasiljunior.org.br/v1/portal/Ej/ufabc-jr/role_histories?q%5Bs%5D=user_profile_name+asc%2C+start_at+desc&page=1&per_page=100
"Fetch failed with status: 500 Internal Server Error"
'Fetch failed with status: 500 Internal Server Error'
--------------------------------------------------
[2026-04-12T18:13:50.127Z]
Context: fetchAllPaginated: https://api.brasiljunior.org.br/v1/portal/Ej/ejem/role_histories?q%5Bs%5D=user_profile_name+asc%2C+start_at+desc&page=1&per_page=100
"Fetch failed with status: 500 Internal Server Error"
'Fetch failed with status: 500 Internal Server Error'
--------------------------------------------------
[2026-04-12T18:13:50.135Z]
Context: fetchAllPaginated: https://api.brasiljunior.org.br/v1/portal/Ej/prisma-consultoria-internacional/role_histories?q%5Bs%5D=user_profile_name+asc%2C+start_at+desc&page=1&per_page=100
"Fetch failed with status: 500 Internal Server Error"
'Fetch failed with status: 500 Internal Server Error'
--------------------------------------------------
[2026-04-12T18:13:50.349Z]
Context: fetchAllPaginated: https://api.brasiljunior.org.br/v1/portal/Ej/ejav/role_histories?q%5Bs%5D=user_profile_name+asc%2C+start_at+desc&page=1&per_page=100
"Fetch failed with status: 500 Internal Server Error"
'Fetch failed with status: 500 Internal Server Error'
--------------------------------------------------
[2026-04-12T18:13:50.354Z]
Context: fetchAllPaginated: https://api.brasiljunior.org.br/v1/portal/Ej/puc-junior-consultoria/role_histories?q%5Bs%5D=user_profile_name+asc%2C+start_at+desc&page=1&per_page=100
"Fetch failed with status: 500 Internal Server Error"
'Fetch failed with status: 500 Internal Server Error'
--------------------------------------------------
[2026-04-12T18:13:50.404Z]
Context: fetchAllPaginated: https://api.brasiljunior.org.br/v1/portal/Ej/consultoria-junior-publica-fgv/role_histories?q%5Bs%5D=user_profile_name+asc%2C+start_at+desc&page=1&per_page=100
"Fetch failed with status: 500 Internal Server Error"
'Fetch failed with status: 500 Internal Server Error'
--------------------------------------------------
[2026-04-12T18:13:50.405Z]
Context: fetchAllPaginated: https://api.brasiljunior.org.br/v1/portal/Ej/feajuniorusp/role_histories?q%5Bs%5D=user_profile_name+asc%2C+start_at+desc&page=1&per_page=100
"Fetch failed with status: 500 Internal Server Error"
'Fetch failed with status: 500 Internal Server Error'
--------------------------------------------------
[2026-04-12T18:13:50.408Z]
Context: fetchAllPaginated: https://api.brasiljunior.org.br/v1/portal/Ej/consultoria-rh-junior/role_histories?q%5Bs%5D=user_profile_name+asc%2C+start_at+desc&page=1&per_page=100
"Fetch failed with status: 500 Internal Server Error"
'Fetch failed with status: 500 Internal Server Error'
--------------------------------------------------
[2026-04-12T18:13:50.650Z]
Context: fetchAllPaginated: https://api.brasiljunior.org.br/v1/portal/Ej/maua-jr/role_histories?q%5Bs%5D=user_profile_name+asc%2C+start_at+desc&page=1&per_page=100
"Fetch failed with status: 500 Internal Server Error"
'Fetch failed with status: 500 Internal Server Error'
--------------------------------------------------
[2026-04-12T18:13:50.659Z]
Context: fetchAllPaginated: https://api.brasiljunior.org.br/v1/portal/Ej/insper-jr/role_histories?q%5Bs%5D=user_profile_name+asc%2C+start_at+desc&page=1&per_page=100
"Fetch failed with status: 500 Internal Server Error"
'Fetch failed with status: 500 Internal Server Error'
--------------------------------------------------
[2026-04-12T18:13:50.668Z]
Context: fetchAllPaginated: https://api.brasiljunior.org.br/v1/portal/Ej/empresa-junior-mackenzie-consultoria/role_histories?q%5Bs%5D=user_profile_name+asc%2C+start_at+desc&page=1&per_page=100
"Fetch failed with status: 500 Internal Server Error"
'Fetch failed with status: 500 Internal Server Error'
--------------------------------------------------
[2026-04-12T18:13:50.670Z]
Context: fetchAllPaginated: https://api.brasiljunior.org.br/v1/portal/Ej/jr-eng/role_histories?q%5Bs%5D=user_profile_name+asc%2C+start_at+desc&page=1&per_page=100
"Fetch failed with status: 500 Internal Server Error"
'Fetch failed with status: 500 Internal Server Error'
--------------------------------------------------
[2026-04-12T18:13:50.671Z]
Context: fetchAllPaginated: https://api.brasiljunior.org.br/v1/portal/Ej/empresa-junior-fgv/role_histories?q%5Bs%5D=user_profile_name+asc%2C+start_at+desc&page=1&per_page=100
"Fetch failed with status: 500 Internal Server Error"
'Fetch failed with status: 500 Internal Server Error'
--------------------------------------------------
[2026-04-12T18:13:50.900Z]
Context: fetchAllPaginated: https://api.brasiljunior.org.br/v1/portal/Ej/agencia-de-comunicacoes-eca-jr/role_histories?q%5Bs%5D=user_profile_name+asc%2C+start_at+desc&page=1&per_page=100
"Fetch failed with status: 500 Internal Server Error"
'Fetch failed with status: 500 Internal Server Error'
--------------------------------------------------
[2026-04-12T18:13:50.902Z]
Context: fetchAllPaginated: https://api.brasiljunior.org.br/v1/portal/Ej/ita-junior/role_histories?q%5Bs%5D=user_profile_name+asc%2C+start_at+desc&page=1&per_page=100
"Fetch failed with status: 500 Internal Server Error"
'Fetch failed with status: 500 Internal Server Error'
--------------------------------------------------
[2026-04-12T18:13:50.933Z]
Context: fetchAllPaginated: https://api.brasiljunior.org.br/v1/portal/Ej/poli-junior/role_histories?q%5Bs%5D=user_profile_name+asc%2C+start_at+desc&page=1&per_page=100
"Fetch failed with status: 500 Internal Server Error"
'Fetch failed with status: 500 Internal Server Error'
--------------------------------------------------
[2026-04-12T18:13:50.934Z]
Context: fetchAllPaginated: https://api.brasiljunior.org.br/v1/portal/Ej/fmjunior/role_histories?q%5Bs%5D=user_profile_name+asc%2C+start_at+desc&page=1&per_page=100
"Fetch failed with status: 500 Internal Server Error"
'Fetch failed with status: 500 Internal Server Error'
--------------------------------------------------
[2026-04-12T18:13:50.937Z]
Context: fetchAllPaginated: https://api.brasiljunior.org.br/v1/portal/Ej/empresa-junior-unifia-sp/role_histories?q%5Bs%5D=user_profile_name+asc%2C+start_at+desc&page=1&per_page=100
"Fetch failed with status: 500 Internal Server Error"
'Fetch failed with status: 500 Internal Server Error'
--------------------------------------------------
[2026-04-12T18:13:51.166Z]
Context: fetchAllPaginated: https://api.brasiljunior.org.br/v1/portal/Ej/fonacao-ba2244f4-01ae-4e60-9dc4-088c6abd537c/role_histories?q%5Bs%5D=user_profile_name+asc%2C+start_at+desc&page=1&per_page=100
"Fetch failed with status: 500 Internal Server Error"
'Fetch failed with status: 500 Internal Server Error'
--------------------------------------------------
[2026-04-12T18:13:51.167Z]
Context: fetchAllPaginated: https://api.brasiljunior.org.br/v1/portal/Ej/2tons-producoes/role_histories?q%5Bs%5D=user_profile_name+asc%2C+start_at+desc&page=1&per_page=100
"Fetch failed with status: 500 Internal Server Error"
'Fetch failed with status: 500 Internal Server Error'
--------------------------------------------------
[2026-04-12T18:13:51.208Z]
Context: fetchAllPaginated: https://api.brasiljunior.org.br/v1/portal/Ej/mandic-jr/role_histories?q%5Bs%5D=user_profile_name+asc%2C+start_at+desc&page=1&per_page=100
"Fetch failed with status: 500 Internal Server Error"
'Fetch failed with status: 500 Internal Server Error'
--------------------------------------------------
[2026-04-12T18:13:51.210Z]
Context: fetchAllPaginated: https://api.brasiljunior.org.br/v1/portal/Ej/beets/role_histories?q%5Bs%5D=user_profile_name+asc%2C+start_at+desc&page=1&per_page=100
"Fetch failed with status: 500 Internal Server Error"
'Fetch failed with status: 500 Internal Server Error'
--------------------------------------------------
[2026-04-12T18:13:51.220Z]
Context: fetchAllPaginated: https://api.brasiljunior.org.br/v1/portal/Ej/fesb-junior/role_histories?q%5Bs%5D=user_profile_name+asc%2C+start_at+desc&page=1&per_page=100
"Fetch failed with status: 500 Internal Server Error"
'Fetch failed with status: 500 Internal Server Error'
--------------------------------------------------
[2026-04-12T18:13:51.445Z]
Context: fetchAllPaginated: https://api.brasiljunior.org.br/v1/portal/Ej/brain-consultoria-junior/role_histories?q%5Bs%5D=user_profile_name+asc%2C+start_at+desc&page=1&per_page=100
"Fetch failed with status: 500 Internal Server Error"
'Fetch failed with status: 500 Internal Server Error'
--------------------------------------------------
[2026-04-12T18:13:51.447Z]
Context: fetchAllPaginated: https://api.brasiljunior.org.br/v1/portal/Ej/delta-jr/role_histories?q%5Bs%5D=user_profile_name+asc%2C+start_at+desc&page=1&per_page=100
"Fetch failed with status: 500 Internal Server Error"
'Fetch failed with status: 500 Internal Server Error'
--------------------------------------------------
[2026-04-12T18:13:51.461Z]
Context: fetchAllPaginated: https://api.brasiljunior.org.br/v1/portal/Ej/ambiens-jr/role_histories?q%5Bs%5D=user_profile_name+asc%2C+start_at+desc&page=1&per_page=100
"Fetch failed with status: 500 Internal Server Error"
'Fetch failed with status: 500 Internal Server Error'
--------------------------------------------------
[2026-04-12T18:13:51.462Z]
Context: fetchAllPaginated: https://api.brasiljunior.org.br/v1/portal/Ej/impacta-jr/role_histories?q%5Bs%5D=user_profile_name+asc%2C+start_at+desc&page=1&per_page=100
"Fetch failed with status: 500 Internal Server Error"
'Fetch failed with status: 500 Internal Server Error'
--------------------------------------------------
[2026-04-12T18:13:51.471Z]
Context: fetchAllPaginated: https://api.brasiljunior.org.br/v1/portal/Ej/turismo-praxis-jr-sp/role_histories?q%5Bs%5D=user_profile_name+asc%2C+start_at+desc&page=1&per_page=100
"Fetch failed with status: 500 Internal Server Error"
'Fetch failed with status: 500 Internal Server Error'
--------------------------------------------------
[2026-04-12T18:13:51.730Z]
Context: fetchAllPaginated: https://api.brasiljunior.org.br/v1/portal/Ej/all-quimica-consultoria-junior/role_histories?q%5Bs%5D=user_profile_name+asc%2C+start_at+desc&page=1&per_page=100
"Fetch failed with status: 500 Internal Server Error"
'Fetch failed with status: 500 Internal Server Error'
--------------------------------------------------
[2026-04-12T18:13:51.732Z]
Context: fetchAllPaginated: https://api.brasiljunior.org.br/v1/portal/Ej/esalq-junior-ejea/role_histories?q%5Bs%5D=user_profile_name+asc%2C+start_at+desc&page=1&per_page=100
"Fetch failed with status: 500 Internal Server Error"
'Fetch failed with status: 500 Internal Server Error'
--------------------------------------------------
[2026-04-12T18:13:51.735Z]
Context: fetchAllPaginated: https://api.brasiljunior.org.br/v1/portal/Ej/ls-consultoria-junior/role_histories?q%5Bs%5D=user_profile_name+asc%2C+start_at+desc&page=1&per_page=100
"Fetch failed with status: 500 Internal Server Error"
'Fetch failed with status: 500 Internal Server Error'
--------------------------------------------------
[2026-04-12T18:13:51.737Z]
Context: fetchAllPaginated: https://api.brasiljunior.org.br/v1/portal/Ej/mackjunior/role_histories?q%5Bs%5D=user_profile_name+asc%2C+start_at+desc&page=1&per_page=100
"Fetch failed with status: 500 Internal Server Error"
'Fetch failed with status: 500 Internal Server Error'
--------------------------------------------------
[2026-04-12T18:13:51.738Z]
Context: fetchAllPaginated: https://api.brasiljunior.org.br/v1/portal/Ej/cens-jr/role_histories?q%5Bs%5D=user_profile_name+asc%2C+start_at+desc&page=1&per_page=100
"Fetch failed with status: 500 Internal Server Error"
'Fetch failed with status: 500 Internal Server Error'
--------------------------------------------------
[2026-04-12T18:13:51.930Z]
Context: fetchAllPaginated: https://api.brasiljunior.org.br/v1/portal/Ej/atria-junior/role_histories?q%5Bs%5D=user_profile_name+asc%2C+start_at+desc&page=1&per_page=100
"Fetch failed with status: 500 Internal Server Error"
'Fetch failed with status: 500 Internal Server Error'
--------------------------------------------------
[2026-04-12T18:13:51.979Z]
Context: fetchAllPaginated: https://api.brasiljunior.org.br/v1/portal/Ej/otimiza-empresa-junior/role_histories?q%5Bs%5D=user_profile_name+asc%2C+start_at+desc&page=1&per_page=100
"Fetch failed with status: 500 Internal Server Error"
'Fetch failed with status: 500 Internal Server Error'
--------------------------------------------------
[2026-04-12T18:13:51.980Z]
Context: fetchAllPaginated: https://api.brasiljunior.org.br/v1/portal/Ej/odisseia-consultoria-literaria/role_histories?q%5Bs%5D=user_profile_name+asc%2C+start_at+desc&page=1&per_page=100
"Fetch failed with status: 500 Internal Server Error"
'Fetch failed with status: 500 Internal Server Error'
--------------------------------------------------
[2026-04-12T18:13:51.988Z]
Context: fetchAllPaginated: https://api.brasiljunior.org.br/v1/portal/Ej/emc/role_histories?q%5Bs%5D=user_profile_name+asc%2C+start_at+desc&page=1&per_page=100
"Fetch failed with status: 500 Internal Server Error"
'Fetch failed with status: 500 Internal Server Error'
--------------------------------------------------
[2026-04-12T18:13:51.989Z]
Context: fetchAllPaginated: https://api.brasiljunior.org.br/v1/portal/Ej/ecoflorestal-jr-empresa-consultoria-florestal/role_histories?q%5Bs%5D=user_profile_name+asc%2C+start_at+desc&page=1&per_page=100
"Fetch failed with status: 500 Internal Server Error"
'Fetch failed with status: 500 Internal Server Error'
--------------------------------------------------
[2026-04-12T18:13:52.223Z]
Context: fetchAllPaginated: https://api.brasiljunior.org.br/v1/portal/Ej/alphabio/role_histories?q%5Bs%5D=user_profile_name+asc%2C+start_at+desc&page=1&per_page=100
"Fetch failed with status: 500 Internal Server Error"
'Fetch failed with status: 500 Internal Server Error'
--------------------------------------------------
[2026-04-12T18:13:52.226Z]
Context: fetchAllPaginated: https://api.brasiljunior.org.br/v1/portal/Ej/eixo-publico-consultoria-junior/role_histories?q%5Bs%5D=user_profile_name+asc%2C+start_at+desc&page=1&per_page=100
"Fetch failed with status: 500 Internal Server Error"
'Fetch failed with status: 500 Internal Server Error'
--------------------------------------------------
[2026-04-12T18:13:52.269Z]
Context: fetchAllPaginated: https://api.brasiljunior.org.br/v1/portal/Ej/meta-junior/role_histories?q%5Bs%5D=user_profile_name+asc%2C+start_at+desc&page=1&per_page=100
"Fetch failed with status: 500 Internal Server Error"
'Fetch failed with status: 500 Internal Server Error'
--------------------------------------------------
[2026-04-12T18:13:52.273Z]
Context: fetchAllPaginated: https://api.brasiljunior.org.br/v1/portal/Ej/ecap-jr/role_histories?q%5Bs%5D=user_profile_name+asc%2C+start_at+desc&page=1&per_page=100
"Fetch failed with status: 500 Internal Server Error"
'Fetch failed with status: 500 Internal Server Error'
--------------------------------------------------
[2026-04-12T18:13:52.275Z]
Context: fetchAllPaginated: https://api.brasiljunior.org.br/v1/portal/Ej/esalq-junior-florestal/role_histories?q%5Bs%5D=user_profile_name+asc%2C+start_at+desc&page=1&per_page=100
"Fetch failed with status: 500 Internal Server Error"
'Fetch failed with status: 500 Internal Server Error'
--------------------------------------------------
[2026-04-12T18:13:52.510Z]
Context: fetchAllPaginated: https://api.brasiljunior.org.br/v1/portal/Ej/promad-jr/role_histories?q%5Bs%5D=user_profile_name+asc%2C+start_at+desc&page=1&per_page=100
"Fetch failed with status: 500 Internal Server Error"
'Fetch failed with status: 500 Internal Server Error'
--------------------------------------------------
[2026-04-12T18:13:52.513Z]
Context: fetchAllPaginated: https://api.brasiljunior.org.br/v1/portal/Ej/lider-empresa-junior/role_histories?q%5Bs%5D=user_profile_name+asc%2C+start_at+desc&page=1&per_page=100
"Fetch failed with status: 500 Internal Server Error"
'Fetch failed with status: 500 Internal Server Error'
--------------------------------------------------
[2026-04-12T18:13:52.523Z]
Context: fetchAllPaginated: https://api.brasiljunior.org.br/v1/portal/Ej/qualitas-jr/role_histories?q%5Bs%5D=user_profile_name+asc%2C+start_at+desc&page=1&per_page=100
"Fetch failed with status: 500 Internal Server Error"
'Fetch failed with status: 500 Internal Server Error'
--------------------------------------------------
[2026-04-12T18:13:52.524Z]
Context: fetchAllPaginated: https://api.brasiljunior.org.br/v1/portal/Ej/3e-unicamp/role_histories?q%5Bs%5D=user_profile_name+asc%2C+start_at+desc&page=1&per_page=100
"Fetch failed with status: 500 Internal Server Error"
'Fetch failed with status: 500 Internal Server Error'
--------------------------------------------------
[2026-04-12T18:13:52.525Z]
Context: fetchAllPaginated: https://api.brasiljunior.org.br/v1/portal/Ej/agrologica/role_histories?q%5Bs%5D=user_profile_name+asc%2C+start_at+desc&page=1&per_page=100
"Fetch failed with status: 500 Internal Server Error"
'Fetch failed with status: 500 Internal Server Error'
--------------------------------------------------
[2026-04-12T18:15:11.852Z]
Context: fetchAllPaginated: https://api.brasiljunior.org.br/v1/portal/Ej/flyworks-engenharia-aeronautica/role_histories?q%5Bs%5D=user_profile_name+asc%2C+start_at+desc&page=1&per_page=100
"Fetch failed with status: 500 Internal Server Error"
'Fetch failed with status: 500 Internal Server Error'
--------------------------------------------------
[2026-04-12T18:15:11.854Z]
Context: fetchAllPaginated: https://api.brasiljunior.org.br/v1/portal/Ej/flyworks-engenharia-aeronautica/role_histories?q%5Bs%5D=user_profile_name+asc%2C+start_at+desc&page=1&per_page=100 (API error details)
"API error details: {\"error\":\"internal-server-error\"}"
'API error details: {"error":"internal-server-error"}'
--------------------------------------------------
[2026-04-12T18:15:12.135Z]
Context: fetchAllPaginated: https://api.brasiljunior.org.br/v1/portal/Ej/geoplan-jr/role_histories?q%5Bs%5D=user_profile_name+asc%2C+start_at+desc&page=1&per_page=100
"Fetch failed with status: 500 Internal Server Error"
'Fetch failed with status: 500 Internal Server Error'
--------------------------------------------------
[2026-04-12T18:15:12.136Z]
Context: fetchAllPaginated: https://api.brasiljunior.org.br/v1/portal/Ej/geoplan-jr/role_histories?q%5Bs%5D=user_profile_name+asc%2C+start_at+desc&page=1&per_page=100 (API error details)
"API error details: {\"error\":\"internal-server-error\"}"
'API error details: {"error":"internal-server-error"}'
--------------------------------------------------
[2026-04-12T18:15:12.165Z]
Context: fetchAllPaginated: https://api.brasiljunior.org.br/v1/portal/Ej/l-d-engenharia/role_histories?q%5Bs%5D=user_profile_name+asc%2C+start_at+desc&page=1&per_page=100
"Fetch failed with status: 500 Internal Server Error"
'Fetch failed with status: 500 Internal Server Error'
--------------------------------------------------
[2026-04-12T18:15:12.166Z]
Context: fetchAllPaginated: https://api.brasiljunior.org.br/v1/portal/Ej/l-d-engenharia/role_histories?q%5Bs%5D=user_profile_name+asc%2C+start_at+desc&page=1&per_page=100 (API error details)
"API error details: {\"error\":\"internal-server-error\"}"
'API error details: {"error":"internal-server-error"}'
--------------------------------------------------
[2026-04-12T18:15:12.168Z]
Context: fetchAllPaginated: https://api.brasiljunior.org.br/v1/portal/Ej/unijunior-sp/role_histories?q%5Bs%5D=user_profile_name+asc%2C+start_at+desc&page=1&per_page=100
"Fetch failed with status: 500 Internal Server Error"
'Fetch failed with status: 500 Internal Server Error'
--------------------------------------------------
[2026-04-12T18:15:12.170Z]
Context: fetchAllPaginated: https://api.brasiljunior.org.br/v1/portal/Ej/unijunior-sp/role_histories?q%5Bs%5D=user_profile_name+asc%2C+start_at+desc&page=1&per_page=100 (API error details)
"API error details: {\"error\":\"internal-server-error\"}"
'API error details: {"error":"internal-server-error"}'
--------------------------------------------------
[2026-04-12T18:15:12.177Z]
Context: fetchAllPaginated: https://api.brasiljunior.org.br/v1/portal/Ej/octobit-ej-comp-usprp/role_histories?q%5Bs%5D=user_profile_name+asc%2C+start_at+desc&page=1&per_page=100
"Fetch failed with status: 500 Internal Server Error"
'Fetch failed with status: 500 Internal Server Error'
--------------------------------------------------
[2026-04-12T18:15:12.178Z]
Context: fetchAllPaginated: https://api.brasiljunior.org.br/v1/portal/Ej/octobit-ej-comp-usprp/role_histories?q%5Bs%5D=user_profile_name+asc%2C+start_at+desc&page=1&per_page=100 (API error details)
"API error details: {\"error\":\"internal-server-error\"}"
'API error details: {"error":"internal-server-error"}'
--------------------------------------------------
[2026-04-12T18:15:12.399Z]
Context: fetchAllPaginated: https://api.brasiljunior.org.br/v1/portal/Ej/infobio-jr/role_histories?q%5Bs%5D=user_profile_name+asc%2C+start_at+desc&page=1&per_page=100
"Fetch failed with status: 500 Internal Server Error"
'Fetch failed with status: 500 Internal Server Error'
--------------------------------------------------
[2026-04-12T18:15:12.402Z]
Context: fetchAllPaginated: https://api.brasiljunior.org.br/v1/portal/Ej/infobio-jr/role_histories?q%5Bs%5D=user_profile_name+asc%2C+start_at+desc&page=1&per_page=100 (API error details)
"API error details: {\"error\":\"internal-server-error\"}"
'API error details: {"error":"internal-server-error"}'
--------------------------------------------------
[2026-04-12T18:15:12.406Z]
Context: fetchAllPaginated: https://api.brasiljunior.org.br/v1/portal/Ej/neo-solucoes-juridicas/role_histories?q%5Bs%5D=user_profile_name+asc%2C+start_at+desc&page=1&per_page=100
"Fetch failed with status: 500 Internal Server Error"
'Fetch failed with status: 500 Internal Server Error'
--------------------------------------------------
[2026-04-12T18:15:12.406Z]
Context: fetchAllPaginated: https://api.brasiljunior.org.br/v1/portal/Ej/neo-solucoes-juridicas/role_histories?q%5Bs%5D=user_profile_name+asc%2C+start_at+desc&page=1&per_page=100 (API error details)
"API error details: {\"error\":\"internal-server-error\"}"
'API error details: {"error":"internal-server-error"}'
--------------------------------------------------
[2026-04-12T18:15:12.424Z]
Context: fetchAllPaginated: https://api.brasiljunior.org.br/v1/portal/Ej/unifran-jr/role_histories?q%5Bs%5D=user_profile_name+asc%2C+start_at+desc&page=1&per_page=100
"Fetch failed with status: 500 Internal Server Error"
'Fetch failed with status: 500 Internal Server Error'
--------------------------------------------------
[2026-04-12T18:15:12.424Z]
Context: fetchAllPaginated: https://api.brasiljunior.org.br/v1/portal/Ej/unifran-jr/role_histories?q%5Bs%5D=user_profile_name+asc%2C+start_at+desc&page=1&per_page=100 (API error details)
"API error details: {\"error\":\"internal-server-error\"}"
'API error details: {"error":"internal-server-error"}'
--------------------------------------------------
[2026-04-12T18:15:12.427Z]
Context: fetchAllPaginated: https://api.brasiljunior.org.br/v1/portal/Ej/panaceia-jr/role_histories?q%5Bs%5D=user_profile_name+asc%2C+start_at+desc&page=1&per_page=100
"Fetch failed with status: 500 Internal Server Error"
'Fetch failed with status: 500 Internal Server Error'
--------------------------------------------------
[2026-04-12T18:15:12.428Z]
Context: fetchAllPaginated: https://api.brasiljunior.org.br/v1/portal/Ej/panaceia-jr/role_histories?q%5Bs%5D=user_profile_name+asc%2C+start_at+desc&page=1&per_page=100 (API error details)
"API error details: {\"error\":\"internal-server-error\"}"
'API error details: {"error":"internal-server-error"}'
--------------------------------------------------
[2026-04-12T18:15:12.434Z]
Context: fetchAllPaginated: https://api.brasiljunior.org.br/v1/portal/Ej/prospecta-junior/role_histories?q%5Bs%5D=user_profile_name+asc%2C+start_at+desc&page=1&per_page=100
"Fetch failed with status: 500 Internal Server Error"
'Fetch failed with status: 500 Internal Server Error'
--------------------------------------------------
[2026-04-12T18:15:12.435Z]
Context: fetchAllPaginated: https://api.brasiljunior.org.br/v1/portal/Ej/prospecta-junior/role_histories?q%5Bs%5D=user_profile_name+asc%2C+start_at+desc&page=1&per_page=100 (API error details)
"API error details: {\"error\":\"internal-server-error\"}"
'API error details: {"error":"internal-server-error"}'
--------------------------------------------------
[2026-04-12T18:15:12.660Z]
Context: fetchAllPaginated: https://api.brasiljunior.org.br/v1/portal/Ej/prospect-jr-empresa-junior-de-projetos-e-consultoria-empresarial/role_histories?q%5Bs%5D=user_profile_name+asc%2C+start_at+desc&page=1&per_page=100
"Fetch failed with status: 500 Internal Server Error"
'Fetch failed with status: 500 Internal Server Error'
--------------------------------------------------
[2026-04-12T18:15:12.661Z]
Context: fetchAllPaginated: https://api.brasiljunior.org.br/v1/portal/Ej/prospect-jr-empresa-junior-de-projetos-e-consultoria-empresarial/role_histories?q%5Bs%5D=user_profile_name+asc%2C+start_at+desc&page=1&per_page=100 (API error details)
"API error details: {\"error\":\"internal-server-error\"}"
'API error details: {"error":"internal-server-error"}'
--------------------------------------------------
[2026-04-12T18:15:12.667Z]
Context: fetchAllPaginated: https://api.brasiljunior.org.br/v1/portal/Ej/tato-jr/role_histories?q%5Bs%5D=user_profile_name+asc%2C+start_at+desc&page=1&per_page=100
"Fetch failed with status: 500 Internal Server Error"
'Fetch failed with status: 500 Internal Server Error'
--------------------------------------------------
[2026-04-12T18:15:12.668Z]
Context: fetchAllPaginated: https://api.brasiljunior.org.br/v1/portal/Ej/tato-jr/role_histories?q%5Bs%5D=user_profile_name+asc%2C+start_at+desc&page=1&per_page=100 (API error details)
"API error details: {\"error\":\"internal-server-error\"}"
'API error details: {"error":"internal-server-error"}'
--------------------------------------------------
[2026-04-12T18:15:12.676Z]
Context: fetchAllPaginated: https://api.brasiljunior.org.br/v1/portal/Ej/exon-junior-saude-e-inovacao/role_histories?q%5Bs%5D=user_profile_name+asc%2C+start_at+desc&page=1&per_page=100
"Fetch failed with status: 500 Internal Server Error"
'Fetch failed with status: 500 Internal Server Error'
--------------------------------------------------
[2026-04-12T18:15:12.679Z]
Context: fetchAllPaginated: https://api.brasiljunior.org.br/v1/portal/Ej/exon-junior-saude-e-inovacao/role_histories?q%5Bs%5D=user_profile_name+asc%2C+start_at+desc&page=1&per_page=100 (API error details)
"API error details: {\"error\":\"internal-server-error\"}"
'API error details: {"error":"internal-server-error"}'
--------------------------------------------------
[2026-04-12T18:15:12.699Z]
Context: fetchAllPaginated: https://api.brasiljunior.org.br/v1/portal/Ej/quiraljr/role_histories?q%5Bs%5D=user_profile_name+asc%2C+start_at+desc&page=1&per_page=100
"Fetch failed with status: 500 Internal Server Error"
'Fetch failed with status: 500 Internal Server Error'
--------------------------------------------------
[2026-04-12T18:15:12.700Z]
Context: fetchAllPaginated: https://api.brasiljunior.org.br/v1/portal/Ej/quiraljr/role_histories?q%5Bs%5D=user_profile_name+asc%2C+start_at+desc&page=1&per_page=100 (API error details)
"API error details: {\"error\":\"internal-server-error\"}"
'API error details: {"error":"internal-server-error"}'
--------------------------------------------------
[2026-04-12T18:15:12.705Z]
Context: fetchAllPaginated: https://api.brasiljunior.org.br/v1/portal/Ej/technobis/role_histories?q%5Bs%5D=user_profile_name+asc%2C+start_at+desc&page=1&per_page=100
"Fetch failed with status: 500 Internal Server Error"
'Fetch failed with status: 500 Internal Server Error'
--------------------------------------------------
[2026-04-12T18:15:12.706Z]
Context: fetchAllPaginated: https://api.brasiljunior.org.br/v1/portal/Ej/technobis/role_histories?q%5Bs%5D=user_profile_name+asc%2C+start_at+desc&page=1&per_page=100 (API error details)
"API error details: {\"error\":\"internal-server-error\"}"
'API error details: {"error":"internal-server-error"}'
--------------------------------------------------
[2026-04-12T18:15:12.927Z]
Context: fetchAllPaginated: https://api.brasiljunior.org.br/v1/portal/Ej/salus-jr/role_histories?q%5Bs%5D=user_profile_name+asc%2C+start_at+desc&page=1&per_page=100
"Fetch failed with status: 500 Internal Server Error"
'Fetch failed with status: 500 Internal Server Error'
--------------------------------------------------
[2026-04-12T18:15:12.928Z]
Context: fetchAllPaginated: https://api.brasiljunior.org.br/v1/portal/Ej/salus-jr/role_histories?q%5Bs%5D=user_profile_name+asc%2C+start_at+desc&page=1&per_page=100 (API error details)
"API error details: {\"error\":\"internal-server-error\"}"
'API error details: {"error":"internal-server-error"}'
--------------------------------------------------
[2026-04-12T18:15:13.010Z]
Context: fetchAllPaginated: https://api.brasiljunior.org.br/v1/portal/Ej/biophi-jr/role_histories?q%5Bs%5D=user_profile_name+asc%2C+start_at+desc&page=1&per_page=100
"Fetch failed with status: 500 Internal Server Error"
'Fetch failed with status: 500 Internal Server Error'
--------------------------------------------------
[2026-04-12T18:15:13.011Z]
Context: fetchAllPaginated: https://api.brasiljunior.org.br/v1/portal/Ej/biophi-jr/role_histories?q%5Bs%5D=user_profile_name+asc%2C+start_at+desc&page=1&per_page=100 (API error details)
"API error details: {\"error\":\"internal-server-error\"}"
'API error details: {"error":"internal-server-error"}'
--------------------------------------------------
[2026-04-12T18:15:13.025Z]
Context: fetchAllPaginated: https://api.brasiljunior.org.br/v1/portal/Ej/voll-jr/role_histories?q%5Bs%5D=user_profile_name+asc%2C+start_at+desc&page=1&per_page=100
"Fetch failed with status: 500 Internal Server Error"
'Fetch failed with status: 500 Internal Server Error'
--------------------------------------------------
[2026-04-12T18:15:13.026Z]
Context: fetchAllPaginated: https://api.brasiljunior.org.br/v1/portal/Ej/voll-jr/role_histories?q%5Bs%5D=user_profile_name+asc%2C+start_at+desc&page=1&per_page=100 (API error details)
"API error details: {\"error\":\"internal-server-error\"}"
'API error details: {"error":"internal-server-error"}'
--------------------------------------------------
[2026-04-12T18:15:13.028Z]
Context: fetchAllPaginated: https://api.brasiljunior.org.br/v1/portal/Ej/biosfera-jr/role_histories?q%5Bs%5D=user_profile_name+asc%2C+start_at+desc&page=1&per_page=100
"Fetch failed with status: 500 Internal Server Error"
'Fetch failed with status: 500 Internal Server Error'
--------------------------------------------------
[2026-04-12T18:15:13.029Z]
Context: fetchAllPaginated: https://api.brasiljunior.org.br/v1/portal/Ej/biosfera-jr/role_histories?q%5Bs%5D=user_profile_name+asc%2C+start_at+desc&page=1&per_page=100 (API error details)
"API error details: {\"error\":\"internal-server-error\"}"
'API error details: {"error":"internal-server-error"}'
--------------------------------------------------
[2026-04-12T18:15:13.030Z]
Context: fetchAllPaginated: https://api.brasiljunior.org.br/v1/portal/Ej/quantis/role_histories?q%5Bs%5D=user_profile_name+asc%2C+start_at+desc&page=1&per_page=100
"Fetch failed with status: 500 Internal Server Error"
'Fetch failed with status: 500 Internal Server Error'
--------------------------------------------------
[2026-04-12T18:15:13.031Z]
Context: fetchAllPaginated: https://api.brasiljunior.org.br/v1/portal/Ej/quantis/role_histories?q%5Bs%5D=user_profile_name+asc%2C+start_at+desc&page=1&per_page=100 (API error details)
"API error details: {\"error\":\"internal-server-error\"}"
'API error details: {"error":"internal-server-error"}'
--------------------------------------------------
[2026-04-12T18:15:13.244Z]
Context: fetchAllPaginated: https://api.brasiljunior.org.br/v1/portal/Ej/solucoes-quimicas-jr/role_histories?q%5Bs%5D=user_profile_name+asc%2C+start_at+desc&page=1&per_page=100
"Fetch failed with status: 500 Internal Server Error"
'Fetch failed with status: 500 Internal Server Error'
--------------------------------------------------
[2026-04-12T18:15:13.245Z]
Context: fetchAllPaginated: https://api.brasiljunior.org.br/v1/portal/Ej/solucoes-quimicas-jr/role_histories?q%5Bs%5D=user_profile_name+asc%2C+start_at+desc&page=1&per_page=100 (API error details)
"API error details: {\"error\":\"internal-server-error\"}"
'API error details: {"error":"internal-server-error"}'
--------------------------------------------------
[2026-04-12T18:15:13.266Z]
Context: fetchAllPaginated: https://api.brasiljunior.org.br/v1/portal/Ej/gaam-jr/role_histories?q%5Bs%5D=user_profile_name+asc%2C+start_at+desc&page=1&per_page=100
"Fetch failed with status: 500 Internal Server Error"
'Fetch failed with status: 500 Internal Server Error'
--------------------------------------------------
[2026-04-12T18:15:13.269Z]
Context: fetchAllPaginated: https://api.brasiljunior.org.br/v1/portal/Ej/gaam-jr/role_histories?q%5Bs%5D=user_profile_name+asc%2C+start_at+desc&page=1&per_page=100 (API error details)
"API error details: {\"error\":\"internal-server-error\"}"
'API error details: {"error":"internal-server-error"}'
--------------------------------------------------
[2026-04-12T18:15:13.274Z]
Context: fetchAllPaginated: https://api.brasiljunior.org.br/v1/portal/Ej/alphamec-empresa-junior/role_histories?q%5Bs%5D=user_profile_name+asc%2C+start_at+desc&page=1&per_page=100
"Fetch failed with status: 500 Internal Server Error"
'Fetch failed with status: 500 Internal Server Error'
--------------------------------------------------
[2026-04-12T18:15:13.277Z]
Context: fetchAllPaginated: https://api.brasiljunior.org.br/v1/portal/Ej/alphamec-empresa-junior/role_histories?q%5Bs%5D=user_profile_name+asc%2C+start_at+desc&page=1&per_page=100 (API error details)
"API error details: {\"error\":\"internal-server-error\"}"
'API error details: {"error":"internal-server-error"}'
--------------------------------------------------
[2026-04-12T18:15:13.279Z]
Context: fetchAllPaginated: https://api.brasiljunior.org.br/v1/portal/Ej/agromais-jr/role_histories?q%5Bs%5D=user_profile_name+asc%2C+start_at+desc&page=1&per_page=100
"Fetch failed with status: 500 Internal Server Error"
'Fetch failed with status: 500 Internal Server Error'
--------------------------------------------------
[2026-04-12T18:15:13.280Z]
Context: fetchAllPaginated: https://api.brasiljunior.org.br/v1/portal/Ej/agromais-jr/role_histories?q%5Bs%5D=user_profile_name+asc%2C+start_at+desc&page=1&per_page=100 (API error details)
"API error details: {\"error\":\"internal-server-error\"}"
'API error details: {"error":"internal-server-error"}'
--------------------------------------------------
[2026-04-12T18:15:13.298Z]
Context: fetchAllPaginated: https://api.brasiljunior.org.br/v1/portal/Ej/psico-consultoriajunior/role_histories?q%5Bs%5D=user_profile_name+asc%2C+start_at+desc&page=1&per_page=100
"Fetch failed with status: 500 Internal Server Error"
'Fetch failed with status: 500 Internal Server Error'
--------------------------------------------------
[2026-04-12T18:15:13.299Z]
Context: fetchAllPaginated: https://api.brasiljunior.org.br/v1/portal/Ej/psico-consultoriajunior/role_histories?q%5Bs%5D=user_profile_name+asc%2C+start_at+desc&page=1&per_page=100 (API error details)
"API error details: {\"error\":\"internal-server-error\"}"
'API error details: {"error":"internal-server-error"}'
--------------------------------------------------
[2026-04-12T18:15:13.523Z]
Context: fetchAllPaginated: https://api.brasiljunior.org.br/v1/portal/Ej/marie-curie-jr/role_histories?q%5Bs%5D=user_profile_name+asc%2C+start_at+desc&page=1&per_page=100
"Fetch failed with status: 500 Internal Server Error"
'Fetch failed with status: 500 Internal Server Error'
--------------------------------------------------
[2026-04-12T18:15:13.524Z]
Context: fetchAllPaginated: https://api.brasiljunior.org.br/v1/portal/Ej/marie-curie-jr/role_histories?q%5Bs%5D=user_profile_name+asc%2C+start_at+desc&page=1&per_page=100 (API error details)
"API error details: {\"error\":\"internal-server-error\"}"
'API error details: {"error":"internal-server-error"}'
--------------------------------------------------
[2026-04-12T18:15:13.527Z]
Context: fetchAllPaginated: https://api.brasiljunior.org.br/v1/portal/Ej/plexus-jr/role_histories?q%5Bs%5D=user_profile_name+asc%2C+start_at+desc&page=1&per_page=100
"Fetch failed with status: 500 Internal Server Error"
'Fetch failed with status: 500 Internal Server Error'
--------------------------------------------------
[2026-04-12T18:15:13.529Z]
Context: fetchAllPaginated: https://api.brasiljunior.org.br/v1/portal/Ej/plexus-jr/role_histories?q%5Bs%5D=user_profile_name+asc%2C+start_at+desc&page=1&per_page=100 (API error details)
"API error details: {\"error\":\"internal-server-error\"}"
'API error details: {"error":"internal-server-error"}'
--------------------------------------------------
[2026-04-12T18:15:13.563Z]
Context: fetchAllPaginated: https://api.brasiljunior.org.br/v1/portal/Ej/biocenos-jr/role_histories?q%5Bs%5D=user_profile_name+asc%2C+start_at+desc&page=1&per_page=100
"Fetch failed with status: 500 Internal Server Error"
'Fetch failed with status: 500 Internal Server Error'
--------------------------------------------------
[2026-04-12T18:15:13.566Z]
Context: fetchAllPaginated: https://api.brasiljunior.org.br/v1/portal/Ej/biocenos-jr/role_histories?q%5Bs%5D=user_profile_name+asc%2C+start_at+desc&page=1&per_page=100 (API error details)
"API error details: {\"error\":\"internal-server-error\"}"
'API error details: {"error":"internal-server-error"}'
--------------------------------------------------
[2026-04-12T18:15:13.569Z]
Context: fetchAllPaginated: https://api.brasiljunior.org.br/v1/portal/Ej/iqsc-jr/role_histories?q%5Bs%5D=user_profile_name+asc%2C+start_at+desc&page=1&per_page=100
"Fetch failed with status: 500 Internal Server Error"
'Fetch failed with status: 500 Internal Server Error'
--------------------------------------------------
[2026-04-12T18:15:13.573Z]
Context: fetchAllPaginated: https://api.brasiljunior.org.br/v1/portal/Ej/iqsc-jr/role_histories?q%5Bs%5D=user_profile_name+asc%2C+start_at+desc&page=1&per_page=100 (API error details)
"API error details: {\"error\":\"internal-server-error\"}"
'API error details: {"error":"internal-server-error"}'
--------------------------------------------------
[2026-04-12T18:15:13.576Z]
Context: fetchAllPaginated: https://api.brasiljunior.org.br/v1/portal/Ej/cultivar-agrojunior/role_histories?q%5Bs%5D=user_profile_name+asc%2C+start_at+desc&page=1&per_page=100
"Fetch failed with status: 500 Internal Server Error"
'Fetch failed with status: 500 Internal Server Error'
--------------------------------------------------
[2026-04-12T18:15:13.579Z]
Context: fetchAllPaginated: https://api.brasiljunior.org.br/v1/portal/Ej/cultivar-agrojunior/role_histories?q%5Bs%5D=user_profile_name+asc%2C+start_at+desc&page=1&per_page=100 (API error details)
"API error details: {\"error\":\"internal-server-error\"}"
'API error details: {"error":"internal-server-error"}'
--------------------------------------------------
[2026-04-12T18:15:13.784Z]
Context: fetchAllPaginated: https://api.brasiljunior.org.br/v1/portal/Ej/sustec-jr/role_histories?q%5Bs%5D=user_profile_name+asc%2C+start_at+desc&page=1&per_page=100
"Fetch failed with status: 500 Internal Server Error"
'Fetch failed with status: 500 Internal Server Error'
--------------------------------------------------
[2026-04-12T18:15:13.785Z]
Context: fetchAllPaginated: https://api.brasiljunior.org.br/v1/portal/Ej/sustec-jr/role_histories?q%5Bs%5D=user_profile_name+asc%2C+start_at+desc&page=1&per_page=100 (API error details)
"API error details: {\"error\":\"internal-server-error\"}"
'API error details: {"error":"internal-server-error"}'
--------------------------------------------------
[2026-04-12T18:15:13.819Z]
Context: fetchAllPaginated: https://api.brasiljunior.org.br/v1/portal/Ej/empeltec-jr/role_histories?q%5Bs%5D=user_profile_name+asc%2C+start_at+desc&page=1&per_page=100
"Fetch failed with status: 500 Internal Server Error"
'Fetch failed with status: 500 Internal Server Error'
--------------------------------------------------
[2026-04-12T18:15:13.820Z]
Context: fetchAllPaginated: https://api.brasiljunior.org.br/v1/portal/Ej/empeltec-jr/role_histories?q%5Bs%5D=user_profile_name+asc%2C+start_at+desc&page=1&per_page=100 (API error details)
"API error details: {\"error\":\"internal-server-error\"}"
'API error details: {"error":"internal-server-error"}'
--------------------------------------------------
[2026-04-12T18:15:13.821Z]
Context: fetchAllPaginated: https://api.brasiljunior.org.br/v1/portal/Ej/sirius-biotecnologia-jr/role_histories?q%5Bs%5D=user_profile_name+asc%2C+start_at+desc&page=1&per_page=100
"Fetch failed with status: 500 Internal Server Error"
'Fetch failed with status: 500 Internal Server Error'
--------------------------------------------------
[2026-04-12T18:15:13.821Z]
Context: fetchAllPaginated: https://api.brasiljunior.org.br/v1/portal/Ej/sirius-biotecnologia-jr/role_histories?q%5Bs%5D=user_profile_name+asc%2C+start_at+desc&page=1&per_page=100 (API error details)
"API error details: {\"error\":\"internal-server-error\"}"
'API error details: {"error":"internal-server-error"}'
--------------------------------------------------
[2026-04-12T18:15:13.832Z]
Context: fetchAllPaginated: https://api.brasiljunior.org.br/v1/portal/Ej/comunica-fono-jr/role_histories?q%5Bs%5D=user_profile_name+asc%2C+start_at+desc&page=1&per_page=100
"Fetch failed with status: 500 Internal Server Error"
'Fetch failed with status: 500 Internal Server Error'
--------------------------------------------------
[2026-04-12T18:15:13.833Z]
Context: fetchAllPaginated: https://api.brasiljunior.org.br/v1/portal/Ej/comunica-fono-jr/role_histories?q%5Bs%5D=user_profile_name+asc%2C+start_at+desc&page=1&per_page=100 (API error details)
"API error details: {\"error\":\"internal-server-error\"}"
'API error details: {"error":"internal-server-error"}'
--------------------------------------------------
[2026-04-12T18:15:14.023Z]
Context: fetchAllPaginated: https://api.brasiljunior.org.br/v1/portal/Ej/jurisconsultus/role_histories?q%5Bs%5D=user_profile_name+asc%2C+start_at+desc&page=1&per_page=100
"Fetch failed with status: 500 Internal Server Error"
'Fetch failed with status: 500 Internal Server Error'
--------------------------------------------------
[2026-04-12T18:15:14.024Z]
Context: fetchAllPaginated: https://api.brasiljunior.org.br/v1/portal/Ej/jurisconsultus/role_histories?q%5Bs%5D=user_profile_name+asc%2C+start_at+desc&page=1&per_page=100 (API error details)
"API error details: {\"error\":\"internal-server-error\"}"
'API error details: {"error":"internal-server-error"}'
--------------------------------------------------
[2026-04-12T18:15:14.260Z]
Context: fetchAllPaginated: https://api.brasiljunior.org.br/v1/portal/Ej/zoot-jr/role_histories?q%5Bs%5D=user_profile_name+asc%2C+start_at+desc&page=1&per_page=100
"Fetch failed with status: 500 Internal Server Error"
'Fetch failed with status: 500 Internal Server Error'
--------------------------------------------------
[2026-04-12T18:15:14.261Z]
Context: fetchAllPaginated: https://api.brasiljunior.org.br/v1/portal/Ej/zoot-jr/role_histories?q%5Bs%5D=user_profile_name+asc%2C+start_at+desc&page=1&per_page=100 (API error details)
"API error details: {\"error\":\"internal-server-error\"}"
'API error details: {"error":"internal-server-error"}'
--------------------------------------------------
[2026-04-12T18:15:14.262Z]
Context: fetchAllPaginated: https://api.brasiljunior.org.br/v1/portal/Ej/cap-jr-consultoria/role_histories?q%5Bs%5D=user_profile_name+asc%2C+start_at+desc&page=1&per_page=100
"Fetch failed with status: 500 Internal Server Error"
'Fetch failed with status: 500 Internal Server Error'
--------------------------------------------------
[2026-04-12T18:15:14.263Z]
Context: fetchAllPaginated: https://api.brasiljunior.org.br/v1/portal/Ej/cap-jr-consultoria/role_histories?q%5Bs%5D=user_profile_name+asc%2C+start_at+desc&page=1&per_page=100 (API error details)
"API error details: {\"error\":\"internal-server-error\"}"
'API error details: {"error":"internal-server-error"}'
--------------------------------------------------
[2026-04-12T18:15:14.275Z]
Context: fetchAllPaginated: https://api.brasiljunior.org.br/v1/portal/Ej/emvep-jr/role_histories?q%5Bs%5D=user_profile_name+asc%2C+start_at+desc&page=1&per_page=100
"Fetch failed with status: 500 Internal Server Error"
'Fetch failed with status: 500 Internal Server Error'
--------------------------------------------------
[2026-04-12T18:15:14.277Z]
Context: fetchAllPaginated: https://api.brasiljunior.org.br/v1/portal/Ej/emvep-jr/role_histories?q%5Bs%5D=user_profile_name+asc%2C+start_at+desc&page=1&per_page=100 (API error details)
"API error details: {\"error\":\"internal-server-error\"}"
'API error details: {"error":"internal-server-error"}'
--------------------------------------------------
[2026-04-12T18:15:14.278Z]
Context: fetchAllPaginated: https://api.brasiljunior.org.br/v1/portal/Ej/empsi-jr/role_histories?q%5Bs%5D=user_profile_name+asc%2C+start_at+desc&page=1&per_page=100
"Fetch failed with status: 500 Internal Server Error"
'Fetch failed with status: 500 Internal Server Error'
--------------------------------------------------
[2026-04-12T18:15:14.279Z]
Context: fetchAllPaginated: https://api.brasiljunior.org.br/v1/portal/Ej/empsi-jr/role_histories?q%5Bs%5D=user_profile_name+asc%2C+start_at+desc&page=1&per_page=100 (API error details)
"API error details: {\"error\":\"internal-server-error\"}"
'API error details: {"error":"internal-server-error"}'
--------------------------------------------------
[2026-04-12T18:15:14.281Z]
Context: fetchAllPaginated: https://api.brasiljunior.org.br/v1/portal/Ej/consultoria-solucoes-em-biotecnologia-junior/role_histories?q%5Bs%5D=user_profile_name+asc%2C+start_at+desc&page=1&per_page=100
"Fetch failed with status: 500 Internal Server Error"
'Fetch failed with status: 500 Internal Server Error'
--------------------------------------------------
[2026-04-12T18:15:14.282Z]
Context: fetchAllPaginated: https://api.brasiljunior.org.br/v1/portal/Ej/consultoria-solucoes-em-biotecnologia-junior/role_histories?q%5Bs%5D=user_profile_name+asc%2C+start_at+desc&page=1&per_page=100 (API error details)
"API error details: {\"error\":\"internal-server-error\"}"
'API error details: {"error":"internal-server-error"}'
--------------------------------------------------
[2026-04-12T18:15:14.497Z]
Context: fetchAllPaginated: https://api.brasiljunior.org.br/v1/portal/Ej/startup-engenharia/role_histories?q%5Bs%5D=user_profile_name+asc%2C+start_at+desc&page=1&per_page=100
"Fetch failed with status: 500 Internal Server Error"
'Fetch failed with status: 500 Internal Server Error'
--------------------------------------------------
[2026-04-12T18:15:14.498Z]
Context: fetchAllPaginated: https://api.brasiljunior.org.br/v1/portal/Ej/startup-engenharia/role_histories?q%5Bs%5D=user_profile_name+asc%2C+start_at+desc&page=1&per_page=100 (API error details)
"API error details: {\"error\":\"internal-server-error\"}"
'API error details: {"error":"internal-server-error"}'
--------------------------------------------------
[2026-04-12T18:15:14.550Z]
Context: fetchAllPaginated: https://api.brasiljunior.org.br/v1/portal/Ej/nutrirp/role_histories?q%5Bs%5D=user_profile_name+asc%2C+start_at+desc&page=1&per_page=100
"Fetch failed with status: 500 Internal Server Error"
'Fetch failed with status: 500 Internal Server Error'
--------------------------------------------------
[2026-04-12T18:15:14.550Z]
Context: fetchAllPaginated: https://api.brasiljunior.org.br/v1/portal/Ej/nutrirp/role_histories?q%5Bs%5D=user_profile_name+asc%2C+start_at+desc&page=1&per_page=100 (API error details)
"API error details: {\"error\":\"internal-server-error\"}"
'API error details: {"error":"internal-server-error"}'
--------------------------------------------------
[2026-04-12T18:15:14.559Z]
Context: fetchAllPaginated: https://api.brasiljunior.org.br/v1/portal/Ej/atom-jr/role_histories?q%5Bs%5D=user_profile_name+asc%2C+start_at+desc&page=1&per_page=100
"Fetch failed with status: 500 Internal Server Error"
'Fetch failed with status: 500 Internal Server Error'
--------------------------------------------------
[2026-04-12T18:15:14.560Z]
Context: fetchAllPaginated: https://api.brasiljunior.org.br/v1/portal/Ej/atom-jr/role_histories?q%5Bs%5D=user_profile_name+asc%2C+start_at+desc&page=1&per_page=100 (API error details)
"API error details: {\"error\":\"internal-server-error\"}"
'API error details: {"error":"internal-server-error"}'
--------------------------------------------------
[2026-04-12T18:15:14.571Z]
Context: fetchAllPaginated: https://api.brasiljunior.org.br/v1/portal/Ej/farmacon-jr/role_histories?q%5Bs%5D=user_profile_name+asc%2C+start_at+desc&page=1&per_page=100
"Fetch failed with status: 500 Internal Server Error"
'Fetch failed with status: 500 Internal Server Error'
--------------------------------------------------
[2026-04-12T18:15:14.572Z]
Context: fetchAllPaginated: https://api.brasiljunior.org.br/v1/portal/Ej/farmacon-jr/role_histories?q%5Bs%5D=user_profile_name+asc%2C+start_at+desc&page=1&per_page=100 (API error details)
"API error details: {\"error\":\"internal-server-error\"}"
'API error details: {"error":"internal-server-error"}'
--------------------------------------------------
[2026-04-12T18:15:14.573Z]
Context: fetchAllPaginated: https://api.brasiljunior.org.br/v1/portal/Ej/info-jr/role_histories?q%5Bs%5D=user_profile_name+asc%2C+start_at+desc&page=1&per_page=100
"Fetch failed with status: 500 Internal Server Error"
'Fetch failed with status: 500 Internal Server Error'
--------------------------------------------------
[2026-04-12T18:15:14.574Z]
Context: fetchAllPaginated: https://api.brasiljunior.org.br/v1/portal/Ej/info-jr/role_histories?q%5Bs%5D=user_profile_name+asc%2C+start_at+desc&page=1&per_page=100 (API error details)
"API error details: {\"error\":\"internal-server-error\"}"
'API error details: {"error":"internal-server-error"}'
--------------------------------------------------
[2026-04-12T18:15:14.799Z]
Context: fetchAllPaginated: https://api.brasiljunior.org.br/v1/portal/Ej/biossistec-jr/role_histories?q%5Bs%5D=user_profile_name+asc%2C+start_at+desc&page=1&per_page=100
"Fetch failed with status: 500 Internal Server Error"
'Fetch failed with status: 500 Internal Server Error'
--------------------------------------------------
[2026-04-12T18:15:14.800Z]
Context: fetchAllPaginated: https://api.brasiljunior.org.br/v1/portal/Ej/biossistec-jr/role_histories?q%5Bs%5D=user_profile_name+asc%2C+start_at+desc&page=1&per_page=100 (API error details)
"API error details: {\"error\":\"internal-server-error\"}"
'API error details: {"error":"internal-server-error"}'
--------------------------------------------------
[2026-04-12T18:15:14.860Z]
Context: fetchAllPaginated: https://api.brasiljunior.org.br/v1/portal/Ej/qualimentos-junior/role_histories?q%5Bs%5D=user_profile_name+asc%2C+start_at+desc&page=1&per_page=100
"Fetch failed with status: 500 Internal Server Error"
'Fetch failed with status: 500 Internal Server Error'
--------------------------------------------------
[2026-04-12T18:15:14.860Z]
Context: fetchAllPaginated: https://api.brasiljunior.org.br/v1/portal/Ej/qualimentos-junior/role_histories?q%5Bs%5D=user_profile_name+asc%2C+start_at+desc&page=1&per_page=100 (API error details)
"API error details: {\"error\":\"internal-server-error\"}"
'API error details: {"error":"internal-server-error"}'
--------------------------------------------------
[2026-04-12T18:15:14.862Z]
Context: fetchAllPaginated: https://api.brasiljunior.org.br/v1/portal/Ej/cati-jr/role_histories?q%5Bs%5D=user_profile_name+asc%2C+start_at+desc&page=1&per_page=100
"Fetch failed with status: 500 Internal Server Error"
'Fetch failed with status: 500 Internal Server Error'
--------------------------------------------------
[2026-04-12T18:15:14.863Z]
Context: fetchAllPaginated: https://api.brasiljunior.org.br/v1/portal/Ej/cati-jr/role_histories?q%5Bs%5D=user_profile_name+asc%2C+start_at+desc&page=1&per_page=100 (API error details)
"API error details: {\"error\":\"internal-server-error\"}"
'API error details: {"error":"internal-server-error"}'
--------------------------------------------------
[2026-04-12T18:15:14.864Z]
Context: fetchAllPaginated: https://api.brasiljunior.org.br/v1/portal/Ej/uni-facef-junior/role_histories?q%5Bs%5D=user_profile_name+asc%2C+start_at+desc&page=1&per_page=100
"Fetch failed with status: 500 Internal Server Error"
'Fetch failed with status: 500 Internal Server Error'
--------------------------------------------------
[2026-04-12T18:15:14.864Z]
Context: fetchAllPaginated: https://api.brasiljunior.org.br/v1/portal/Ej/uni-facef-junior/role_histories?q%5Bs%5D=user_profile_name+asc%2C+start_at+desc&page=1&per_page=100 (API error details)
"API error details: {\"error\":\"internal-server-error\"}"
'API error details: {"error":"internal-server-error"}'
--------------------------------------------------
[2026-04-12T18:15:14.866Z]
Context: fetchAllPaginated: https://api.brasiljunior.org.br/v1/portal/Ej/orbe/role_histories?q%5Bs%5D=user_profile_name+asc%2C+start_at+desc&page=1&per_page=100
"Fetch failed with status: 500 Internal Server Error"
'Fetch failed with status: 500 Internal Server Error'
--------------------------------------------------
[2026-04-12T18:15:14.867Z]
Context: fetchAllPaginated: https://api.brasiljunior.org.br/v1/portal/Ej/orbe/role_histories?q%5Bs%5D=user_profile_name+asc%2C+start_at+desc&page=1&per_page=100 (API error details)
"API error details: {\"error\":\"internal-server-error\"}"
'API error details: {"error":"internal-server-error"}'
--------------------------------------------------
[2026-04-12T18:15:15.093Z]
Context: fetchAllPaginated: https://api.brasiljunior.org.br/v1/portal/Ej/eq-jr-consultoria-e-projetos/role_histories?q%5Bs%5D=user_profile_name+asc%2C+start_at+desc&page=1&per_page=100
"Fetch failed with status: 500 Internal Server Error"
'Fetch failed with status: 500 Internal Server Error'
--------------------------------------------------
[2026-04-12T18:15:15.093Z]
Context: fetchAllPaginated: https://api.brasiljunior.org.br/v1/portal/Ej/eq-jr-consultoria-e-projetos/role_histories?q%5Bs%5D=user_profile_name+asc%2C+start_at+desc&page=1&per_page=100 (API error details)
"API error details: {\"error\":\"internal-server-error\"}"
'API error details: {"error":"internal-server-error"}'
--------------------------------------------------
[2026-04-12T18:15:15.099Z]
Context: fetchAllPaginated: https://api.brasiljunior.org.br/v1/portal/Ej/physis-jr/role_histories?q%5Bs%5D=user_profile_name+asc%2C+start_at+desc&page=1&per_page=100
"Fetch failed with status: 500 Internal Server Error"
'Fetch failed with status: 500 Internal Server Error'
--------------------------------------------------
[2026-04-12T18:15:15.100Z]
Context: fetchAllPaginated: https://api.brasiljunior.org.br/v1/portal/Ej/physis-jr/role_histories?q%5Bs%5D=user_profile_name+asc%2C+start_at+desc&page=1&per_page=100 (API error details)
"API error details: {\"error\":\"internal-server-error\"}"
'API error details: {"error":"internal-server-error"}'
--------------------------------------------------
[2026-04-12T18:15:15.116Z]
Context: fetchAllPaginated: https://api.brasiljunior.org.br/v1/portal/Ej/ejur-solucoes-juridicas/role_histories?q%5Bs%5D=user_profile_name+asc%2C+start_at+desc&page=1&per_page=100
"Fetch failed with status: 500 Internal Server Error"
'Fetch failed with status: 500 Internal Server Error'
--------------------------------------------------
[2026-04-12T18:15:15.116Z]
Context: fetchAllPaginated: https://api.brasiljunior.org.br/v1/portal/Ej/ejur-solucoes-juridicas/role_histories?q%5Bs%5D=user_profile_name+asc%2C+start_at+desc&page=1&per_page=100 (API error details)
"API error details: {\"error\":\"internal-server-error\"}"
'API error details: {"error":"internal-server-error"}'
--------------------------------------------------
[2026-04-12T18:15:15.120Z]
Context: fetchAllPaginated: https://api.brasiljunior.org.br/v1/portal/Ej/paulista-jr-projetos-consultoria/role_histories?q%5Bs%5D=user_profile_name+asc%2C+start_at+desc&page=1&per_page=100
"Fetch failed with status: 500 Internal Server Error"
'Fetch failed with status: 500 Internal Server Error'
--------------------------------------------------
[2026-04-12T18:15:15.121Z]
Context: fetchAllPaginated: https://api.brasiljunior.org.br/v1/portal/Ej/paulista-jr-projetos-consultoria/role_histories?q%5Bs%5D=user_profile_name+asc%2C+start_at+desc&page=1&per_page=100 (API error details)
"API error details: {\"error\":\"internal-server-error\"}"
'API error details: {"error":"internal-server-error"}'
--------------------------------------------------
[2026-04-12T18:15:15.127Z]
Context: fetchAllPaginated: https://api.brasiljunior.org.br/v1/portal/Ej/materiais-junior/role_histories?q%5Bs%5D=user_profile_name+asc%2C+start_at+desc&page=1&per_page=100
"Fetch failed with status: 500 Internal Server Error"
'Fetch failed with status: 500 Internal Server Error'
--------------------------------------------------
[2026-04-12T18:15:15.128Z]
Context: fetchAllPaginated: https://api.brasiljunior.org.br/v1/portal/Ej/materiais-junior/role_histories?q%5Bs%5D=user_profile_name+asc%2C+start_at+desc&page=1&per_page=100 (API error details)
"API error details: {\"error\":\"internal-server-error\"}"
'API error details: {"error":"internal-server-error"}'
--------------------------------------------------
[2026-04-12T18:15:15.379Z]
Context: fetchAllPaginated: https://api.brasiljunior.org.br/v1/portal/Ej/edificar-jr/role_histories?q%5Bs%5D=user_profile_name+asc%2C+start_at+desc&page=1&per_page=100
"Fetch failed with status: 500 Internal Server Error"
'Fetch failed with status: 500 Internal Server Error'
--------------------------------------------------
[2026-04-12T18:15:15.380Z]
Context: fetchAllPaginated: https://api.brasiljunior.org.br/v1/portal/Ej/edificar-jr/role_histories?q%5Bs%5D=user_profile_name+asc%2C+start_at+desc&page=1&per_page=100 (API error details)
"API error details: {\"error\":\"internal-server-error\"}"
'API error details: {"error":"internal-server-error"}'
--------------------------------------------------
[2026-04-12T18:15:15.435Z]
Context: fetchAllPaginated: https://api.brasiljunior.org.br/v1/portal/Ej/producao-jr/role_histories?q%5Bs%5D=user_profile_name+asc%2C+start_at+desc&page=1&per_page=100
"Fetch failed with status: 500 Internal Server Error"
'Fetch failed with status: 500 Internal Server Error'
--------------------------------------------------
[2026-04-12T18:15:15.436Z]
Context: fetchAllPaginated: https://api.brasiljunior.org.br/v1/portal/Ej/producao-jr/role_histories?q%5Bs%5D=user_profile_name+asc%2C+start_at+desc&page=1&per_page=100 (API error details)
"API error details: {\"error\":\"internal-server-error\"}"
'API error details: {"error":"internal-server-error"}'
--------------------------------------------------
[2026-04-12T18:15:15.437Z]
Context: fetchAllPaginated: https://api.brasiljunior.org.br/v1/portal/Ej/engeali/role_histories?q%5Bs%5D=user_profile_name+asc%2C+start_at+desc&page=1&per_page=100
"Fetch failed with status: 500 Internal Server Error"
'Fetch failed with status: 500 Internal Server Error'
--------------------------------------------------
[2026-04-12T18:15:15.438Z]
Context: fetchAllPaginated: https://api.brasiljunior.org.br/v1/portal/Ej/engeali/role_histories?q%5Bs%5D=user_profile_name+asc%2C+start_at+desc&page=1&per_page=100 (API error details)
"API error details: {\"error\":\"internal-server-error\"}"
'API error details: {"error":"internal-server-error"}'
--------------------------------------------------
[2026-04-12T18:15:15.440Z]
Context: fetchAllPaginated: https://api.brasiljunior.org.br/v1/portal/Ej/ejeamb/role_histories?q%5Bs%5D=user_profile_name+asc%2C+start_at+desc&page=1&per_page=100
"Fetch failed with status: 500 Internal Server Error"
'Fetch failed with status: 500 Internal Server Error'
--------------------------------------------------
[2026-04-12T18:15:15.442Z]
Context: fetchAllPaginated: https://api.brasiljunior.org.br/v1/portal/Ej/ejeamb/role_histories?q%5Bs%5D=user_profile_name+asc%2C+start_at+desc&page=1&per_page=100 (API error details)
"API error details: {\"error\":\"internal-server-error\"}"
'API error details: {"error":"internal-server-error"}'
--------------------------------------------------
[2026-04-12T18:15:15.443Z]
Context: fetchAllPaginated: https://api.brasiljunior.org.br/v1/portal/Ej/catalise-junior/role_histories?q%5Bs%5D=user_profile_name+asc%2C+start_at+desc&page=1&per_page=100
"Fetch failed with status: 500 Internal Server Error"
'Fetch failed with status: 500 Internal Server Error'
--------------------------------------------------
[2026-04-12T18:15:15.444Z]
Context: fetchAllPaginated: https://api.brasiljunior.org.br/v1/portal/Ej/catalise-junior/role_histories?q%5Bs%5D=user_profile_name+asc%2C+start_at+desc&page=1&per_page=100 (API error details)
"API error details: {\"error\":\"internal-server-error\"}"
'API error details: {"error":"internal-server-error"}'
--------------------------------------------------
[2026-04-12T18:15:15.656Z]
Context: fetchAllPaginated: https://api.brasiljunior.org.br/v1/portal/Ej/irhis-consultoria-jr-psicologia/role_histories?q%5Bs%5D=user_profile_name+asc%2C+start_at+desc&page=1&per_page=100
"Fetch failed with status: 500 Internal Server Error"
'Fetch failed with status: 500 Internal Server Error'
--------------------------------------------------
[2026-04-12T18:15:15.657Z]
Context: fetchAllPaginated: https://api.brasiljunior.org.br/v1/portal/Ej/irhis-consultoria-jr-psicologia/role_histories?q%5Bs%5D=user_profile_name+asc%2C+start_at+desc&page=1&per_page=100 (API error details)
"API error details: {\"error\":\"internal-server-error\"}"
'API error details: {"error":"internal-server-error"}'
--------------------------------------------------
[2026-04-12T18:15:15.690Z]
Context: fetchAllPaginated: https://api.brasiljunior.org.br/v1/portal/Ej/junior-fea-rp/role_histories?q%5Bs%5D=user_profile_name+asc%2C+start_at+desc&page=1&per_page=100
"Fetch failed with status: 500 Internal Server Error"
'Fetch failed with status: 500 Internal Server Error'
--------------------------------------------------
[2026-04-12T18:15:15.691Z]
Context: fetchAllPaginated: https://api.brasiljunior.org.br/v1/portal/Ej/junior-fea-rp/role_histories?q%5Bs%5D=user_profile_name+asc%2C+start_at+desc&page=1&per_page=100 (API error details)
"API error details: {\"error\":\"internal-server-error\"}"
'API error details: {"error":"internal-server-error"}'
--------------------------------------------------
[2026-04-12T18:15:15.713Z]
Context: fetchAllPaginated: https://api.brasiljunior.org.br/v1/portal/Ej/engrenar-jr/role_histories?q%5Bs%5D=user_profile_name+asc%2C+start_at+desc&page=1&per_page=100
"Fetch failed with status: 500 Internal Server Error"
'Fetch failed with status: 500 Internal Server Error'
--------------------------------------------------
[2026-04-12T18:15:15.714Z]
Context: fetchAllPaginated: https://api.brasiljunior.org.br/v1/portal/Ej/engrenar-jr/role_histories?q%5Bs%5D=user_profile_name+asc%2C+start_at+desc&page=1&per_page=100 (API error details)
"API error details: {\"error\":\"internal-server-error\"}"
'API error details: {"error":"internal-server-error"}'
--------------------------------------------------
[2026-04-12T18:15:15.715Z]
Context: fetchAllPaginated: https://api.brasiljunior.org.br/v1/portal/Ej/icmc-junior/role_histories?q%5Bs%5D=user_profile_name+asc%2C+start_at+desc&page=1&per_page=100
"Fetch failed with status: 500 Internal Server Error"
'Fetch failed with status: 500 Internal Server Error'
--------------------------------------------------
[2026-04-12T18:15:15.716Z]
Context: fetchAllPaginated: https://api.brasiljunior.org.br/v1/portal/Ej/icmc-junior/role_histories?q%5Bs%5D=user_profile_name+asc%2C+start_at+desc&page=1&per_page=100 (API error details)
"API error details: {\"error\":\"internal-server-error\"}"
'API error details: {"error":"internal-server-error"}'
--------------------------------------------------
[2026-04-12T18:15:15.717Z]
Context: fetchAllPaginated: https://api.brasiljunior.org.br/v1/portal/Ej/quimica-jr/role_histories?q%5Bs%5D=user_profile_name+asc%2C+start_at+desc&page=1&per_page=100
"Fetch failed with status: 500 Internal Server Error"
'Fetch failed with status: 500 Internal Server Error'
--------------------------------------------------
[2026-04-12T18:15:15.718Z]
Context: fetchAllPaginated: https://api.brasiljunior.org.br/v1/portal/Ej/quimica-jr/role_histories?q%5Bs%5D=user_profile_name+asc%2C+start_at+desc&page=1&per_page=100 (API error details)
"API error details: {\"error\":\"internal-server-error\"}"
'API error details: {"error":"internal-server-error"}'
--------------------------------------------------
[2026-04-12T18:15:15.955Z]
Context: fetchAllPaginated: https://api.brasiljunior.org.br/v1/portal/Ej/eesc-jr/role_histories?q%5Bs%5D=user_profile_name+asc%2C+start_at+desc&page=1&per_page=100
"Fetch failed with status: 500 Internal Server Error"
'Fetch failed with status: 500 Internal Server Error'
--------------------------------------------------
[2026-04-12T18:15:15.956Z]
Context: fetchAllPaginated: https://api.brasiljunior.org.br/v1/portal/Ej/eesc-jr/role_histories?q%5Bs%5D=user_profile_name+asc%2C+start_at+desc&page=1&per_page=100 (API error details)
"API error details: {\"error\":\"internal-server-error\"}"
'API error details: {"error":"internal-server-error"}'
--------------------------------------------------
[2026-04-12T18:15:15.965Z]
Context: fetchAllPaginated: https://api.brasiljunior.org.br/v1/portal/Ej/design-junior/role_histories?q%5Bs%5D=user_profile_name+asc%2C+start_at+desc&page=1&per_page=100
"Fetch failed with status: 500 Internal Server Error"
'Fetch failed with status: 500 Internal Server Error'
--------------------------------------------------
[2026-04-12T18:15:15.966Z]
Context: fetchAllPaginated: https://api.brasiljunior.org.br/v1/portal/Ej/design-junior/role_histories?q%5Bs%5D=user_profile_name+asc%2C+start_at+desc&page=1&per_page=100 (API error details)
"API error details: {\"error\":\"internal-server-error\"}"
'API error details: {"error":"internal-server-error"}'
--------------------------------------------------
[2026-04-12T18:15:15.971Z]
Context: fetchAllPaginated: https://api.brasiljunior.org.br/v1/portal/Ej/enger-junior/role_histories?q%5Bs%5D=user_profile_name+asc%2C+start_at+desc&page=1&per_page=100
"Fetch failed with status: 500 Internal Server Error"
'Fetch failed with status: 500 Internal Server Error'
--------------------------------------------------
[2026-04-12T18:15:15.972Z]
Context: fetchAllPaginated: https://api.brasiljunior.org.br/v1/portal/Ej/enger-junior/role_histories?q%5Bs%5D=user_profile_name+asc%2C+start_at+desc&page=1&per_page=100 (API error details)
"API error details: {\"error\":\"internal-server-error\"}"
'API error details: {"error":"internal-server-error"}'
--------------------------------------------------
[2026-04-12T18:15:15.973Z]
Context: fetchAllPaginated: https://api.brasiljunior.org.br/v1/portal/Ej/conapec-jr/role_histories?q%5Bs%5D=user_profile_name+asc%2C+start_at+desc&page=1&per_page=100
"Fetch failed with status: 500 Internal Server Error"
'Fetch failed with status: 500 Internal Server Error'
--------------------------------------------------
[2026-04-12T18:15:15.974Z]
Context: fetchAllPaginated: https://api.brasiljunior.org.br/v1/portal/Ej/conapec-jr/role_histories?q%5Bs%5D=user_profile_name+asc%2C+start_at+desc&page=1&per_page=100 (API error details)
"API error details: {\"error\":\"internal-server-error\"}"
'API error details: {"error":"internal-server-error"}'
--------------------------------------------------
[2026-04-12T18:15:15.978Z]
Context: fetchAllPaginated: https://api.brasiljunior.org.br/v1/portal/Ej/apollo-med-jr/role_histories?q%5Bs%5D=user_profile_name+asc%2C+start_at+desc&page=1&per_page=100
"Fetch failed with status: 500 Internal Server Error"
'Fetch failed with status: 500 Internal Server Error'
--------------------------------------------------
[2026-04-12T18:15:15.979Z]
Context: fetchAllPaginated: https://api.brasiljunior.org.br/v1/portal/Ej/apollo-med-jr/role_histories?q%5Bs%5D=user_profile_name+asc%2C+start_at+desc&page=1&per_page=100 (API error details)
"API error details: {\"error\":\"internal-server-error\"}"
'API error details: {"error":"internal-server-error"}'
--------------------------------------------------
[2026-04-12T18:15:16.199Z]
Context: fetchAllPaginated: https://api.brasiljunior.org.br/v1/portal/Ej/empresaj-nutricao-de-ruminantes/role_histories?q%5Bs%5D=user_profile_name+asc%2C+start_at+desc&page=1&per_page=100
"Fetch failed with status: 500 Internal Server Error"
'Fetch failed with status: 500 Internal Server Error'
--------------------------------------------------
[2026-04-12T18:15:16.200Z]
Context: fetchAllPaginated: https://api.brasiljunior.org.br/v1/portal/Ej/empresaj-nutricao-de-ruminantes/role_histories?q%5Bs%5D=user_profile_name+asc%2C+start_at+desc&page=1&per_page=100 (API error details)
"API error details: {\"error\":\"internal-server-error\"}"
'API error details: {"error":"internal-server-error"}'
--------------------------------------------------
[2026-04-12T18:15:16.201Z]
Context: fetchAllPaginated: https://api.brasiljunior.org.br/v1/portal/Ej/vanellus-empresa-junior/role_histories?q%5Bs%5D=user_profile_name+asc%2C+start_at+desc&page=1&per_page=100
"Fetch failed with status: 500 Internal Server Error"
'Fetch failed with status: 500 Internal Server Error'
--------------------------------------------------
[2026-04-12T18:15:16.202Z]
Context: fetchAllPaginated: https://api.brasiljunior.org.br/v1/portal/Ej/vanellus-empresa-junior/role_histories?q%5Bs%5D=user_profile_name+asc%2C+start_at+desc&page=1&per_page=100 (API error details)
"API error details: {\"error\":\"internal-server-error\"}"
'API error details: {"error":"internal-server-error"}'
--------------------------------------------------
[2026-04-12T18:15:16.213Z]
Context: fetchAllPaginated: https://api.brasiljunior.org.br/v1/portal/Ej/locomotiva-jr/role_histories?q%5Bs%5D=user_profile_name+asc%2C+start_at+desc&page=1&per_page=100
"Fetch failed with status: 500 Internal Server Error"
'Fetch failed with status: 500 Internal Server Error'
--------------------------------------------------
[2026-04-12T18:15:16.214Z]
Context: fetchAllPaginated: https://api.brasiljunior.org.br/v1/portal/Ej/locomotiva-jr/role_histories?q%5Bs%5D=user_profile_name+asc%2C+start_at+desc&page=1&per_page=100 (API error details)
"API error details: {\"error\":\"internal-server-error\"}"
'API error details: {"error":"internal-server-error"}'
--------------------------------------------------
[2026-04-12T18:15:16.230Z]
Context: fetchAllPaginated: https://api.brasiljunior.org.br/v1/portal/Ej/oris-junior/role_histories?q%5Bs%5D=user_profile_name+asc%2C+start_at+desc&page=1&per_page=100
"Fetch failed with status: 500 Internal Server Error"
'Fetch failed with status: 500 Internal Server Error'
--------------------------------------------------
[2026-04-12T18:15:16.230Z]
Context: fetchAllPaginated: https://api.brasiljunior.org.br/v1/portal/Ej/oris-junior/role_histories?q%5Bs%5D=user_profile_name+asc%2C+start_at+desc&page=1&per_page=100 (API error details)
"API error details: {\"error\":\"internal-server-error\"}"
'API error details: {"error":"internal-server-error"}'
--------------------------------------------------
[2026-04-12T18:15:16.233Z]
Context: fetchAllPaginated: https://api.brasiljunior.org.br/v1/portal/Ej/ceavet-consultoria-e-assessoria/role_histories?q%5Bs%5D=user_profile_name+asc%2C+start_at+desc&page=1&per_page=100
"Fetch failed with status: 500 Internal Server Error"
'Fetch failed with status: 500 Internal Server Error'
--------------------------------------------------
[2026-04-12T18:15:16.234Z]
Context: fetchAllPaginated: https://api.brasiljunior.org.br/v1/portal/Ej/ceavet-consultoria-e-assessoria/role_histories?q%5Bs%5D=user_profile_name+asc%2C+start_at+desc&page=1&per_page=100 (API error details)
"API error details: {\"error\":\"internal-server-error\"}"
'API error details: {"error":"internal-server-error"}'
--------------------------------------------------
[2026-04-12T18:15:16.443Z]
Context: fetchAllPaginated: https://api.brasiljunior.org.br/v1/portal/Ej/empgeo-jr/role_histories?q%5Bs%5D=user_profile_name+asc%2C+start_at+desc&page=1&per_page=100
"Fetch failed with status: 500 Internal Server Error"
'Fetch failed with status: 500 Internal Server Error'
--------------------------------------------------
[2026-04-12T18:15:16.446Z]
Context: fetchAllPaginated: https://api.brasiljunior.org.br/v1/portal/Ej/empgeo-jr/role_histories?q%5Bs%5D=user_profile_name+asc%2C+start_at+desc&page=1&per_page=100 (API error details)
"API error details: {\"error\":\"internal-server-error\"}"
'API error details: {"error":"internal-server-error"}'
--------------------------------------------------
[2026-04-12T18:15:16.463Z]
Context: fetchAllPaginated: https://api.brasiljunior.org.br/v1/portal/Ej/lideres-jr/role_histories?q%5Bs%5D=user_profile_name+asc%2C+start_at+desc&page=1&per_page=100
"Fetch failed with status: 500 Internal Server Error"
'Fetch failed with status: 500 Internal Server Error'
--------------------------------------------------
[2026-04-12T18:15:16.465Z]
Context: fetchAllPaginated: https://api.brasiljunior.org.br/v1/portal/Ej/lideres-jr/role_histories?q%5Bs%5D=user_profile_name+asc%2C+start_at+desc&page=1&per_page=100 (API error details)
"API error details: {\"error\":\"internal-server-error\"}"
'API error details: {"error":"internal-server-error"}'
--------------------------------------------------
[2026-04-12T18:15:16.559Z]
Context: fetchAllPaginated: https://api.brasiljunior.org.br/v1/portal/Ej/facic-junior-unoeste/role_histories?q%5Bs%5D=user_profile_name+asc%2C+start_at+desc&page=1&per_page=100
"Fetch failed with status: 500 Internal Server Error"
'Fetch failed with status: 500 Internal Server Error'
--------------------------------------------------
[2026-04-12T18:15:16.560Z]
Context: fetchAllPaginated: https://api.brasiljunior.org.br/v1/portal/Ej/facic-junior-unoeste/role_histories?q%5Bs%5D=user_profile_name+asc%2C+start_at+desc&page=1&per_page=100 (API error details)
"API error details: {\"error\":\"internal-server-error\"}"
'API error details: {"error":"internal-server-error"}'
--------------------------------------------------
[2026-04-12T18:15:16.572Z]
Context: fetchAllPaginated: https://api.brasiljunior.org.br/v1/portal/Ej/fono-junior/role_histories?q%5Bs%5D=user_profile_name+asc%2C+start_at+desc&page=1&per_page=100
"Fetch failed with status: 500 Internal Server Error"
'Fetch failed with status: 500 Internal Server Error'
--------------------------------------------------
[2026-04-12T18:15:16.572Z]
Context: fetchAllPaginated: https://api.brasiljunior.org.br/v1/portal/Ej/fono-junior/role_histories?q%5Bs%5D=user_profile_name+asc%2C+start_at+desc&page=1&per_page=100 (API error details)
"API error details: {\"error\":\"internal-server-error\"}"
'API error details: {"error":"internal-server-error"}'
--------------------------------------------------
[2026-04-12T18:15:16.583Z]
Context: fetchAllPaginated: https://api.brasiljunior.org.br/v1/portal/Ej/intergestao-jr/role_histories?q%5Bs%5D=user_profile_name+asc%2C+start_at+desc&page=1&per_page=100
"Fetch failed with status: 500 Internal Server Error"
'Fetch failed with status: 500 Internal Server Error'
--------------------------------------------------
[2026-04-12T18:15:16.584Z]
Context: fetchAllPaginated: https://api.brasiljunior.org.br/v1/portal/Ej/intergestao-jr/role_histories?q%5Bs%5D=user_profile_name+asc%2C+start_at+desc&page=1&per_page=100 (API error details)
"API error details: {\"error\":\"internal-server-error\"}"
'API error details: {"error":"internal-server-error"}'
--------------------------------------------------
[2026-04-12T18:15:16.784Z]
Context: fetchAllPaginated: https://api.brasiljunior.org.br/v1/portal/Ej/ejest-empresa-junior-de-estatistica/role_histories?q%5Bs%5D=user_profile_name+asc%2C+start_at+desc&page=1&per_page=100
"Fetch failed with status: 500 Internal Server Error"
'Fetch failed with status: 500 Internal Server Error'
--------------------------------------------------
[2026-04-12T18:15:16.785Z]
Context: fetchAllPaginated: https://api.brasiljunior.org.br/v1/portal/Ej/ejest-empresa-junior-de-estatistica/role_histories?q%5Bs%5D=user_profile_name+asc%2C+start_at+desc&page=1&per_page=100 (API error details)
"API error details: {\"error\":\"internal-server-error\"}"
'API error details: {"error":"internal-server-error"}'
--------------------------------------------------
[2026-04-12T18:15:17.099Z]
Context: fetchAllPaginated: https://api.brasiljunior.org.br/v1/portal/Ej/anifort-consultoria-agropecuaria/role_histories?q%5Bs%5D=user_profile_name+asc%2C+start_at+desc&page=1&per_page=100
"Fetch failed with status: 500 Internal Server Error"
'Fetch failed with status: 500 Internal Server Error'
--------------------------------------------------
[2026-04-12T18:15:17.100Z]
Context: fetchAllPaginated: https://api.brasiljunior.org.br/v1/portal/Ej/anifort-consultoria-agropecuaria/role_histories?q%5Bs%5D=user_profile_name+asc%2C+start_at+desc&page=1&per_page=100 (API error details)
"API error details: {\"error\":\"internal-server-error\"}"
'API error details: {"error":"internal-server-error"}'
--------------------------------------------------
[2026-04-12T18:15:17.101Z]
Context: fetchAllPaginated: https://api.brasiljunior.org.br/v1/portal/Ej/ejecart-empresa-junior-de-engenharia-cartografica/role_histories?q%5Bs%5D=user_profile_name+asc%2C+start_at+desc&page=1&per_page=100
"Fetch failed with status: 500 Internal Server Error"
'Fetch failed with status: 500 Internal Server Error'
--------------------------------------------------
[2026-04-12T18:15:17.102Z]
Context: fetchAllPaginated: https://api.brasiljunior.org.br/v1/portal/Ej/ejecart-empresa-junior-de-engenharia-cartografica/role_histories?q%5Bs%5D=user_profile_name+asc%2C+start_at+desc&page=1&per_page=100 (API error details)
"API error details: {\"error\":\"internal-server-error\"}"
'API error details: {"error":"internal-server-error"}'
--------------------------------------------------
[2026-04-12T18:15:17.103Z]
Context: fetchAllPaginated: https://api.brasiljunior.org.br/v1/portal/Ej/aravetjr/role_histories?q%5Bs%5D=user_profile_name+asc%2C+start_at+desc&page=1&per_page=100
"Fetch failed with status: 500 Internal Server Error"
'Fetch failed with status: 500 Internal Server Error'
--------------------------------------------------
[2026-04-12T18:15:17.105Z]
Context: fetchAllPaginated: https://api.brasiljunior.org.br/v1/portal/Ej/aravetjr/role_histories?q%5Bs%5D=user_profile_name+asc%2C+start_at+desc&page=1&per_page=100 (API error details)
"API error details: {\"error\":\"internal-server-error\"}"
'API error details: {"error":"internal-server-error"}'
--------------------------------------------------
[2026-04-12T18:15:17.110Z]
Context: fetchAllPaginated: https://api.brasiljunior.org.br/v1/portal/Ej/ibb-junior/role_histories?q%5Bs%5D=user_profile_name+asc%2C+start_at+desc&page=1&per_page=100
"Fetch failed with status: 500 Internal Server Error"
'Fetch failed with status: 500 Internal Server Error'
--------------------------------------------------
[2026-04-12T18:15:17.111Z]
Context: fetchAllPaginated: https://api.brasiljunior.org.br/v1/portal/Ej/ibb-junior/role_histories?q%5Bs%5D=user_profile_name+asc%2C+start_at+desc&page=1&per_page=100 (API error details)
"API error details: {\"error\":\"internal-server-error\"}"
'API error details: {"error":"internal-server-error"}'
--------------------------------------------------
[2026-04-12T18:15:17.344Z]
Context: fetchAllPaginated: https://api.brasiljunior.org.br/v1/portal/Ej/bioprox-junior/role_histories?q%5Bs%5D=user_profile_name+asc%2C+start_at+desc&page=1&per_page=100
"Fetch failed with status: 500 Internal Server Error"
'Fetch failed with status: 500 Internal Server Error'
--------------------------------------------------
[2026-04-12T18:15:17.346Z]
Context: fetchAllPaginated: https://api.brasiljunior.org.br/v1/portal/Ej/bioprox-junior/role_histories?q%5Bs%5D=user_profile_name+asc%2C+start_at+desc&page=1&per_page=100 (API error details)
"API error details: {\"error\":\"internal-server-error\"}"
'API error details: {"error":"internal-server-error"}'
--------------------------------------------------
[2026-04-12T18:15:17.349Z]
Context: fetchAllPaginated: https://api.brasiljunior.org.br/v1/portal/Ej/atmos-junior/role_histories?q%5Bs%5D=user_profile_name+asc%2C+start_at+desc&page=1&per_page=100
"Fetch failed with status: 500 Internal Server Error"
'Fetch failed with status: 500 Internal Server Error'
--------------------------------------------------
[2026-04-12T18:15:17.353Z]
Context: fetchAllPaginated: https://api.brasiljunior.org.br/v1/portal/Ej/atmos-junior/role_histories?q%5Bs%5D=user_profile_name+asc%2C+start_at+desc&page=1&per_page=100 (API error details)
"API error details: {\"error\":\"internal-server-error\"}"
'API error details: {"error":"internal-server-error"}'
--------------------------------------------------
[2026-04-12T18:15:17.379Z]
Context: fetchAllPaginated: https://api.brasiljunior.org.br/v1/portal/Ej/jornal-jr/role_histories?q%5Bs%5D=user_profile_name+asc%2C+start_at+desc&page=1&per_page=100
"Fetch failed with status: 500 Internal Server Error"
'Fetch failed with status: 500 Internal Server Error'
--------------------------------------------------
[2026-04-12T18:15:17.381Z]
Context: fetchAllPaginated: https://api.brasiljunior.org.br/v1/portal/Ej/jornal-jr/role_histories?q%5Bs%5D=user_profile_name+asc%2C+start_at+desc&page=1&per_page=100 (API error details)
"API error details: {\"error\":\"internal-server-error\"}"
'API error details: {"error":"internal-server-error"}'
--------------------------------------------------
[2026-04-12T18:15:17.383Z]
Context: fetchAllPaginated: https://api.brasiljunior.org.br/v1/portal/Ej/ejcomp/role_histories?q%5Bs%5D=user_profile_name+asc%2C+start_at+desc&page=1&per_page=100
"Fetch failed with status: 500 Internal Server Error"
'Fetch failed with status: 500 Internal Server Error'
--------------------------------------------------
[2026-04-12T18:15:17.385Z]
Context: fetchAllPaginated: https://api.brasiljunior.org.br/v1/portal/Ej/ejcomp/role_histories?q%5Bs%5D=user_profile_name+asc%2C+start_at+desc&page=1&per_page=100 (API error details)
"API error details: {\"error\":\"internal-server-error\"}"
'API error details: {"error":"internal-server-error"}'
--------------------------------------------------
[2026-04-12T18:15:17.388Z]
Context: fetchAllPaginated: https://api.brasiljunior.org.br/v1/portal/Ej/cenagri-jr/role_histories?q%5Bs%5D=user_profile_name+asc%2C+start_at+desc&page=1&per_page=100
"Fetch failed with status: 500 Internal Server Error"
'Fetch failed with status: 500 Internal Server Error'
--------------------------------------------------
[2026-04-12T18:15:17.389Z]
Context: fetchAllPaginated: https://api.brasiljunior.org.br/v1/portal/Ej/cenagri-jr/role_histories?q%5Bs%5D=user_profile_name+asc%2C+start_at+desc&page=1&per_page=100 (API error details)
"API error details: {\"error\":\"internal-server-error\"}"
'API error details: {"error":"internal-server-error"}'
--------------------------------------------------
[2026-04-12T18:15:17.618Z]
Context: fetchAllPaginated: https://api.brasiljunior.org.br/v1/portal/Ej/ramo-da-terra-empresa-junior/role_histories?q%5Bs%5D=user_profile_name+asc%2C+start_at+desc&page=1&per_page=100
"Fetch failed with status: 500 Internal Server Error"
'Fetch failed with status: 500 Internal Server Error'
--------------------------------------------------
[2026-04-12T18:15:17.619Z]
Context: fetchAllPaginated: https://api.brasiljunior.org.br/v1/portal/Ej/ramo-da-terra-empresa-junior/role_histories?q%5Bs%5D=user_profile_name+asc%2C+start_at+desc&page=1&per_page=100 (API error details)
"API error details: {\"error\":\"internal-server-error\"}"
'API error details: {"error":"internal-server-error"}'
--------------------------------------------------
[2026-04-12T18:15:17.621Z]
Context: fetchAllPaginated: https://api.brasiljunior.org.br/v1/portal/Ej/opera-krios-empresa-junior-de-arquitetura-e-urbanismo/role_histories?q%5Bs%5D=user_profile_name+asc%2C+start_at+desc&page=1&per_page=100
"Fetch failed with status: 500 Internal Server Error"
'Fetch failed with status: 500 Internal Server Error'
--------------------------------------------------
[2026-04-12T18:15:17.622Z]
Context: fetchAllPaginated: https://api.brasiljunior.org.br/v1/portal/Ej/opera-krios-empresa-junior-de-arquitetura-e-urbanismo/role_histories?q%5Bs%5D=user_profile_name+asc%2C+start_at+desc&page=1&per_page=100 (API error details)
"API error details: {\"error\":\"internal-server-error\"}"
'API error details: {"error":"internal-server-error"}'
--------------------------------------------------
[2026-04-12T18:15:17.637Z]
Context: fetchAllPaginated: https://api.brasiljunior.org.br/v1/portal/Ej/conflor-junior/role_histories?q%5Bs%5D=user_profile_name+asc%2C+start_at+desc&page=1&per_page=100
"Fetch failed with status: 500 Internal Server Error"
'Fetch failed with status: 500 Internal Server Error'
--------------------------------------------------
[2026-04-12T18:15:17.638Z]
Context: fetchAllPaginated: https://api.brasiljunior.org.br/v1/portal/Ej/conflor-junior/role_histories?q%5Bs%5D=user_profile_name+asc%2C+start_at+desc&page=1&per_page=100 (API error details)
"API error details: {\"error\":\"internal-server-error\"}"
'API error details: {"error":"internal-server-error"}'
--------------------------------------------------
[2026-04-12T18:15:17.647Z]
Context: fetchAllPaginated: https://api.brasiljunior.org.br/v1/portal/Ej/ejenutri/role_histories?q%5Bs%5D=user_profile_name+asc%2C+start_at+desc&page=1&per_page=100
"Fetch failed with status: 500 Internal Server Error"
'Fetch failed with status: 500 Internal Server Error'
--------------------------------------------------
[2026-04-12T18:15:17.648Z]
Context: fetchAllPaginated: https://api.brasiljunior.org.br/v1/portal/Ej/ejenutri/role_histories?q%5Bs%5D=user_profile_name+asc%2C+start_at+desc&page=1&per_page=100 (API error details)
"API error details: {\"error\":\"internal-server-error\"}"
'API error details: {"error":"internal-server-error"}'
--------------------------------------------------
[2026-04-12T18:15:17.650Z]
Context: fetchAllPaginated: https://api.brasiljunior.org.br/v1/portal/Ej/biomas/role_histories?q%5Bs%5D=user_profile_name+asc%2C+start_at+desc&page=1&per_page=100
"Fetch failed with status: 500 Internal Server Error"
'Fetch failed with status: 500 Internal Server Error'
--------------------------------------------------
[2026-04-12T18:15:17.651Z]
Context: fetchAllPaginated: https://api.brasiljunior.org.br/v1/portal/Ej/biomas/role_histories?q%5Bs%5D=user_profile_name+asc%2C+start_at+desc&page=1&per_page=100 (API error details)
"API error details: {\"error\":\"internal-server-error\"}"
'API error details: {"error":"internal-server-error"}'
--------------------------------------------------
[2026-04-12T18:15:17.833Z]
Context: fetchAllPaginated: https://api.brasiljunior.org.br/v1/portal/Ej/alicerce-empresa-junior-de-engenharia-civil/role_histories?q%5Bs%5D=user_profile_name+asc%2C+start_at+desc&page=1&per_page=100
"Fetch failed with status: 500 Internal Server Error"
'Fetch failed with status: 500 Internal Server Error'
--------------------------------------------------
[2026-04-12T18:15:17.835Z]
Context: fetchAllPaginated: https://api.brasiljunior.org.br/v1/portal/Ej/alicerce-empresa-junior-de-engenharia-civil/role_histories?q%5Bs%5D=user_profile_name+asc%2C+start_at+desc&page=1&per_page=100 (API error details)
"API error details: {\"error\":\"internal-server-error\"}"
'API error details: {"error":"internal-server-error"}'
--------------------------------------------------
[2026-04-12T18:15:17.882Z]
Context: fetchAllPaginated: https://api.brasiljunior.org.br/v1/portal/Ej/sage-solucoes-globais/role_histories?q%5Bs%5D=user_profile_name+asc%2C+start_at+desc&page=1&per_page=100
"Fetch failed with status: 500 Internal Server Error"
'Fetch failed with status: 500 Internal Server Error'
--------------------------------------------------
[2026-04-12T18:15:17.883Z]
Context: fetchAllPaginated: https://api.brasiljunior.org.br/v1/portal/Ej/sage-solucoes-globais/role_histories?q%5Bs%5D=user_profile_name+asc%2C+start_at+desc&page=1&per_page=100 (API error details)
"API error details: {\"error\":\"internal-server-error\"}"
'API error details: {"error":"internal-server-error"}'
--------------------------------------------------
[2026-04-12T18:15:17.896Z]
Context: fetchAllPaginated: https://api.brasiljunior.org.br/v1/portal/Ej/potencial-projetos-eletricos/role_histories?q%5Bs%5D=user_profile_name+asc%2C+start_at+desc&page=1&per_page=100
"Fetch failed with status: 500 Internal Server Error"
'Fetch failed with status: 500 Internal Server Error'
--------------------------------------------------
[2026-04-12T18:15:17.897Z]
Context: fetchAllPaginated: https://api.brasiljunior.org.br/v1/portal/Ej/potencial-projetos-eletricos/role_histories?q%5Bs%5D=user_profile_name+asc%2C+start_at+desc&page=1&per_page=100 (API error details)
"API error details: {\"error\":\"internal-server-error\"}"
'API error details: {"error":"internal-server-error"}'
--------------------------------------------------
[2026-04-12T18:15:17.908Z]
Context: fetchAllPaginated: https://api.brasiljunior.org.br/v1/portal/Ej/precisao-engenharia-empresa-junior-de-engenharia-mecanica/role_histories?q%5Bs%5D=user_profile_name+asc%2C+start_at+desc&page=1&per_page=100
"Fetch failed with status: 500 Internal Server Error"
'Fetch failed with status: 500 Internal Server Error'
--------------------------------------------------
[2026-04-12T18:15:17.909Z]
Context: fetchAllPaginated: https://api.brasiljunior.org.br/v1/portal/Ej/precisao-engenharia-empresa-junior-de-engenharia-mecanica/role_histories?q%5Bs%5D=user_profile_name+asc%2C+start_at+desc&page=1&per_page=100 (API error details)
"API error details: {\"error\":\"internal-server-error\"}"
'API error details: {"error":"internal-server-error"}'
--------------------------------------------------
[2026-04-12T18:15:17.915Z]
Context: fetchAllPaginated: https://api.brasiljunior.org.br/v1/portal/Ej/geoambientaljr/role_histories?q%5Bs%5D=user_profile_name+asc%2C+start_at+desc&page=1&per_page=100
"Fetch failed with status: 500 Internal Server Error"
'Fetch failed with status: 500 Internal Server Error'
--------------------------------------------------
[2026-04-12T18:15:17.916Z]
Context: fetchAllPaginated: https://api.brasiljunior.org.br/v1/portal/Ej/geoambientaljr/role_histories?q%5Bs%5D=user_profile_name+asc%2C+start_at+desc&page=1&per_page=100 (API error details)
"API error details: {\"error\":\"internal-server-error\"}"
'API error details: {"error":"internal-server-error"}'
--------------------------------------------------
[2026-04-12T18:15:18.162Z]
Context: fetchAllPaginated: https://api.brasiljunior.org.br/v1/portal/Ej/projunior-projetos-e-consultoria/role_histories?q%5Bs%5D=user_profile_name+asc%2C+start_at+desc&page=1&per_page=100
"Fetch failed with status: 500 Internal Server Error"
'Fetch failed with status: 500 Internal Server Error'
--------------------------------------------------
[2026-04-12T18:15:18.162Z]
Context: fetchAllPaginated: https://api.brasiljunior.org.br/v1/portal/Ej/projunior-projetos-e-consultoria/role_histories?q%5Bs%5D=user_profile_name+asc%2C+start_at+desc&page=1&per_page=100 (API error details)
"API error details: {\"error\":\"internal-server-error\"}"
'API error details: {"error":"internal-server-error"}'
--------------------------------------------------
[2026-04-12T18:15:18.163Z]
Context: fetchAllPaginated: https://api.brasiljunior.org.br/v1/portal/Ej/humanus-empresa-junior/role_histories?q%5Bs%5D=user_profile_name+asc%2C+start_at+desc&page=1&per_page=100
"Fetch failed with status: 500 Internal Server Error"
'Fetch failed with status: 500 Internal Server Error'
--------------------------------------------------
[2026-04-12T18:15:18.164Z]
Context: fetchAllPaginated: https://api.brasiljunior.org.br/v1/portal/Ej/humanus-empresa-junior/role_histories?q%5Bs%5D=user_profile_name+asc%2C+start_at+desc&page=1&per_page=100 (API error details)
"API error details: {\"error\":\"internal-server-error\"}"
'API error details: {"error":"internal-server-error"}'
--------------------------------------------------
[2026-04-12T18:15:18.201Z]
Context: fetchAllPaginated: https://api.brasiljunior.org.br/v1/portal/Ej/interage-jr/role_histories?q%5Bs%5D=user_profile_name+asc%2C+start_at+desc&page=1&per_page=100
"Fetch failed with status: 500 Internal Server Error"
'Fetch failed with status: 500 Internal Server Error'
--------------------------------------------------
[2026-04-12T18:15:18.202Z]
Context: fetchAllPaginated: https://api.brasiljunior.org.br/v1/portal/Ej/interage-jr/role_histories?q%5Bs%5D=user_profile_name+asc%2C+start_at+desc&page=1&per_page=100 (API error details)
"API error details: {\"error\":\"internal-server-error\"}"
'API error details: {"error":"internal-server-error"}'
--------------------------------------------------
[2026-04-12T18:15:18.203Z]
Context: fetchAllPaginated: https://api.brasiljunior.org.br/v1/portal/Ej/rpjr/role_histories?q%5Bs%5D=user_profile_name+asc%2C+start_at+desc&page=1&per_page=100
"Fetch failed with status: 500 Internal Server Error"
'Fetch failed with status: 500 Internal Server Error'
--------------------------------------------------
[2026-04-12T18:15:18.203Z]
Context: fetchAllPaginated: https://api.brasiljunior.org.br/v1/portal/Ej/rpjr/role_histories?q%5Bs%5D=user_profile_name+asc%2C+start_at+desc&page=1&per_page=100 (API error details)
"API error details: {\"error\":\"internal-server-error\"}"
'API error details: {"error":"internal-server-error"}'
--------------------------------------------------
[2026-04-12T18:15:18.207Z]
Context: fetchAllPaginated: https://api.brasiljunior.org.br/v1/portal/Ej/empreender-jr/role_histories?q%5Bs%5D=user_profile_name+asc%2C+start_at+desc&page=1&per_page=100
"Fetch failed with status: 500 Internal Server Error"
'Fetch failed with status: 500 Internal Server Error'
--------------------------------------------------
[2026-04-12T18:15:18.208Z]
Context: fetchAllPaginated: https://api.brasiljunior.org.br/v1/portal/Ej/empreender-jr/role_histories?q%5Bs%5D=user_profile_name+asc%2C+start_at+desc&page=1&per_page=100 (API error details)
"API error details: {\"error\":\"internal-server-error\"}"
'API error details: {"error":"internal-server-error"}'
--------------------------------------------------
[2026-04-12T18:15:18.409Z]
Context: fetchAllPaginated: https://api.brasiljunior.org.br/v1/portal/Ej/biotec-junior/role_histories?q%5Bs%5D=user_profile_name+asc%2C+start_at+desc&page=1&per_page=100
"Fetch failed with status: 500 Internal Server Error"
'Fetch failed with status: 500 Internal Server Error'
--------------------------------------------------
[2026-04-12T18:15:18.409Z]
Context: fetchAllPaginated: https://api.brasiljunior.org.br/v1/portal/Ej/biotec-junior/role_histories?q%5Bs%5D=user_profile_name+asc%2C+start_at+desc&page=1&per_page=100 (API error details)
"API error details: {\"error\":\"internal-server-error\"}"
'API error details: {"error":"internal-server-error"}'
--------------------------------------------------
[2026-04-12T18:15:18.467Z]
Context: fetchAllPaginated: https://api.brasiljunior.org.br/v1/portal/Ej/consult-mkt-universitaria-gv/role_histories?q%5Bs%5D=user_profile_name+asc%2C+start_at+desc&page=1&per_page=100
"Fetch failed with status: 500 Internal Server Error"
'Fetch failed with status: 500 Internal Server Error'
--------------------------------------------------
[2026-04-12T18:15:18.468Z]
Context: fetchAllPaginated: https://api.brasiljunior.org.br/v1/portal/Ej/consult-mkt-universitaria-gv/role_histories?q%5Bs%5D=user_profile_name+asc%2C+start_at+desc&page=1&per_page=100 (API error details)
"API error details: {\"error\":\"internal-server-error\"}"
'API error details: {"error":"internal-server-error"}'
--------------------------------------------------
[2026-04-12T18:15:18.478Z]
Context: fetchAllPaginated: https://api.brasiljunior.org.br/v1/portal/Ej/lige-fgv/role_histories?q%5Bs%5D=user_profile_name+asc%2C+start_at+desc&page=1&per_page=100
"Fetch failed with status: 500 Internal Server Error"
'Fetch failed with status: 500 Internal Server Error'
--------------------------------------------------
[2026-04-12T18:15:18.479Z]
Context: fetchAllPaginated: https://api.brasiljunior.org.br/v1/portal/Ej/lige-fgv/role_histories?q%5Bs%5D=user_profile_name+asc%2C+start_at+desc&page=1&per_page=100 (API error details)
"API error details: {\"error\":\"internal-server-error\"}"
'API error details: {"error":"internal-server-error"}'
--------------------------------------------------
[2026-04-12T18:15:18.479Z]
Context: fetchAllPaginated: https://api.brasiljunior.org.br/v1/portal/Ej/pharminder/role_histories?q%5Bs%5D=user_profile_name+asc%2C+start_at+desc&page=1&per_page=100
"Fetch failed with status: 500 Internal Server Error"
'Fetch failed with status: 500 Internal Server Error'
--------------------------------------------------
[2026-04-12T18:15:18.480Z]
Context: fetchAllPaginated: https://api.brasiljunior.org.br/v1/portal/Ej/pharminder/role_histories?q%5Bs%5D=user_profile_name+asc%2C+start_at+desc&page=1&per_page=100 (API error details)
"API error details: {\"error\":\"internal-server-error\"}"
'API error details: {"error":"internal-server-error"}'
--------------------------------------------------
[2026-04-12T18:15:18.483Z]
Context: fetchAllPaginated: https://api.brasiljunior.org.br/v1/portal/Ej/inova-santa-jr/role_histories?q%5Bs%5D=user_profile_name+asc%2C+start_at+desc&page=1&per_page=100
"Fetch failed with status: 500 Internal Server Error"
'Fetch failed with status: 500 Internal Server Error'
--------------------------------------------------
[2026-04-12T18:15:18.484Z]
Context: fetchAllPaginated: https://api.brasiljunior.org.br/v1/portal/Ej/inova-santa-jr/role_histories?q%5Bs%5D=user_profile_name+asc%2C+start_at+desc&page=1&per_page=100 (API error details)
"API error details: {\"error\":\"internal-server-error\"}"
'API error details: {"error":"internal-server-error"}'
--------------------------------------------------
[2026-04-12T18:15:18.730Z]
Context: fetchAllPaginated: https://api.brasiljunior.org.br/v1/portal/Ej/consultoria-junior-einstein/role_histories?q%5Bs%5D=user_profile_name+asc%2C+start_at+desc&page=1&per_page=100
"Fetch failed with status: 500 Internal Server Error"
'Fetch failed with status: 500 Internal Server Error'
--------------------------------------------------
[2026-04-12T18:15:18.731Z]
Context: fetchAllPaginated: https://api.brasiljunior.org.br/v1/portal/Ej/consultoria-junior-einstein/role_histories?q%5Bs%5D=user_profile_name+asc%2C+start_at+desc&page=1&per_page=100 (API error details)
"API error details: {\"error\":\"internal-server-error\"}"
'API error details: {"error":"internal-server-error"}'
--------------------------------------------------
[2026-04-12T18:15:18.739Z]
Context: fetchAllPaginated: https://api.brasiljunior.org.br/v1/portal/Ej/business-innovation-jr/role_histories?q%5Bs%5D=user_profile_name+asc%2C+start_at+desc&page=1&per_page=100
"Fetch failed with status: 500 Internal Server Error"
'Fetch failed with status: 500 Internal Server Error'
--------------------------------------------------
[2026-04-12T18:15:18.741Z]
Context: fetchAllPaginated: https://api.brasiljunior.org.br/v1/portal/Ej/business-innovation-jr/role_histories?q%5Bs%5D=user_profile_name+asc%2C+start_at+desc&page=1&per_page=100 (API error details)
"API error details: {\"error\":\"internal-server-error\"}"
'API error details: {"error":"internal-server-error"}'
--------------------------------------------------
[2026-04-12T18:15:18.742Z]
Context: fetchAllPaginated: https://api.brasiljunior.org.br/v1/portal/Ej/consultri/role_histories?q%5Bs%5D=user_profile_name+asc%2C+start_at+desc&page=1&per_page=100
"Fetch failed with status: 500 Internal Server Error"
'Fetch failed with status: 500 Internal Server Error'
--------------------------------------------------
[2026-04-12T18:15:18.743Z]
Context: fetchAllPaginated: https://api.brasiljunior.org.br/v1/portal/Ej/consultri/role_histories?q%5Bs%5D=user_profile_name+asc%2C+start_at+desc&page=1&per_page=100 (API error details)
"API error details: {\"error\":\"internal-server-error\"}"
'API error details: {"error":"internal-server-error"}'
--------------------------------------------------
[2026-04-12T18:15:18.744Z]
Context: fetchAllPaginated: https://api.brasiljunior.org.br/v1/portal/Ej/espm-jr/role_histories?q%5Bs%5D=user_profile_name+asc%2C+start_at+desc&page=1&per_page=100
"Fetch failed with status: 500 Internal Server Error"
'Fetch failed with status: 500 Internal Server Error'
--------------------------------------------------
[2026-04-12T18:15:18.745Z]
Context: fetchAllPaginated: https://api.brasiljunior.org.br/v1/portal/Ej/espm-jr/role_histories?q%5Bs%5D=user_profile_name+asc%2C+start_at+desc&page=1&per_page=100 (API error details)
"API error details: {\"error\":\"internal-server-error\"}"
'API error details: {"error":"internal-server-error"}'
--------------------------------------------------
[2026-04-12T18:15:18.746Z]
Context: fetchAllPaginated: https://api.brasiljunior.org.br/v1/portal/Ej/inteli-junior/role_histories?q%5Bs%5D=user_profile_name+asc%2C+start_at+desc&page=1&per_page=100
"Fetch failed with status: 500 Internal Server Error"
'Fetch failed with status: 500 Internal Server Error'
--------------------------------------------------
[2026-04-12T18:15:18.747Z]
Context: fetchAllPaginated: https://api.brasiljunior.org.br/v1/portal/Ej/inteli-junior/role_histories?q%5Bs%5D=user_profile_name+asc%2C+start_at+desc&page=1&per_page=100 (API error details)
"API error details: {\"error\":\"internal-server-error\"}"
'API error details: {"error":"internal-server-error"}'
--------------------------------------------------
[2026-04-12T18:15:18.945Z]
Context: fetchAllPaginated: https://api.brasiljunior.org.br/v1/portal/Ej/jr-fei/role_histories?q%5Bs%5D=user_profile_name+asc%2C+start_at+desc&page=1&per_page=100
"Fetch failed with status: 500 Internal Server Error"
'Fetch failed with status: 500 Internal Server Error'
--------------------------------------------------
[2026-04-12T18:15:18.947Z]
Context: fetchAllPaginated: https://api.brasiljunior.org.br/v1/portal/Ej/jr-fei/role_histories?q%5Bs%5D=user_profile_name+asc%2C+start_at+desc&page=1&per_page=100 (API error details)
"API error details: {\"error\":\"internal-server-error\"}"
'API error details: {"error":"internal-server-error"}'
--------------------------------------------------
[2026-04-12T18:15:18.980Z]
Context: fetchAllPaginated: https://api.brasiljunior.org.br/v1/portal/Ej/fia-junior-consultoria/role_histories?q%5Bs%5D=user_profile_name+asc%2C+start_at+desc&page=1&per_page=100
"Fetch failed with status: 500 Internal Server Error"
'Fetch failed with status: 500 Internal Server Error'
--------------------------------------------------
[2026-04-12T18:15:18.982Z]
Context: fetchAllPaginated: https://api.brasiljunior.org.br/v1/portal/Ej/fia-junior-consultoria/role_histories?q%5Bs%5D=user_profile_name+asc%2C+start_at+desc&page=1&per_page=100 (API error details)
"API error details: {\"error\":\"internal-server-error\"}"
'API error details: {"error":"internal-server-error"}'
--------------------------------------------------
[2026-04-12T18:15:19.000Z]
Context: fetchAllPaginated: https://api.brasiljunior.org.br/v1/portal/Ej/expori-jr-fgv/role_histories?q%5Bs%5D=user_profile_name+asc%2C+start_at+desc&page=1&per_page=100
"Fetch failed with status: 500 Internal Server Error"
'Fetch failed with status: 500 Internal Server Error'
--------------------------------------------------
[2026-04-12T18:15:19.000Z]
Context: fetchAllPaginated: https://api.brasiljunior.org.br/v1/portal/Ej/expori-jr-fgv/role_histories?q%5Bs%5D=user_profile_name+asc%2C+start_at+desc&page=1&per_page=100 (API error details)
"API error details: {\"error\":\"internal-server-error\"}"
'API error details: {"error":"internal-server-error"}'
--------------------------------------------------
[2026-04-12T18:15:19.003Z]
Context: fetchAllPaginated: https://api.brasiljunior.org.br/v1/portal/Ej/amplia-fono-jr/role_histories?q%5Bs%5D=user_profile_name+asc%2C+start_at+desc&page=1&per_page=100
"Fetch failed with status: 500 Internal Server Error"
'Fetch failed with status: 500 Internal Server Error'
--------------------------------------------------
[2026-04-12T18:15:19.004Z]
Context: fetchAllPaginated: https://api.brasiljunior.org.br/v1/portal/Ej/amplia-fono-jr/role_histories?q%5Bs%5D=user_profile_name+asc%2C+start_at+desc&page=1&per_page=100 (API error details)
"API error details: {\"error\":\"internal-server-error\"}"
'API error details: {"error":"internal-server-error"}'
--------------------------------------------------
[2026-04-12T18:15:19.011Z]
Context: fetchAllPaginated: https://api.brasiljunior.org.br/v1/portal/Ej/humanitasjunior/role_histories?q%5Bs%5D=user_profile_name+asc%2C+start_at+desc&page=1&per_page=100
"Fetch failed with status: 500 Internal Server Error"
'Fetch failed with status: 500 Internal Server Error'
--------------------------------------------------
[2026-04-12T18:15:19.012Z]
Context: fetchAllPaginated: https://api.brasiljunior.org.br/v1/portal/Ej/humanitasjunior/role_histories?q%5Bs%5D=user_profile_name+asc%2C+start_at+desc&page=1&per_page=100 (API error details)
"API error details: {\"error\":\"internal-server-error\"}"
'API error details: {"error":"internal-server-error"}'
--------------------------------------------------
[2026-04-12T18:15:19.286Z]
Context: fetchAllPaginated: https://api.brasiljunior.org.br/v1/portal/Ej/fecap-junior/role_histories?q%5Bs%5D=user_profile_name+asc%2C+start_at+desc&page=1&per_page=100
"Fetch failed with status: 500 Internal Server Error"
'Fetch failed with status: 500 Internal Server Error'
--------------------------------------------------
[2026-04-12T18:15:19.287Z]
Context: fetchAllPaginated: https://api.brasiljunior.org.br/v1/portal/Ej/fecap-junior/role_histories?q%5Bs%5D=user_profile_name+asc%2C+start_at+desc&page=1&per_page=100 (API error details)
"API error details: {\"error\":\"internal-server-error\"}"
'API error details: {"error":"internal-server-error"}'
--------------------------------------------------
[2026-04-12T18:15:19.287Z]
Context: fetchAllPaginated: https://api.brasiljunior.org.br/v1/portal/Ej/seiva-jr/role_histories?q%5Bs%5D=user_profile_name+asc%2C+start_at+desc&page=1&per_page=100
"Fetch failed with status: 500 Internal Server Error"
'Fetch failed with status: 500 Internal Server Error'
--------------------------------------------------
[2026-04-12T18:15:19.288Z]
Context: fetchAllPaginated: https://api.brasiljunior.org.br/v1/portal/Ej/seiva-jr/role_histories?q%5Bs%5D=user_profile_name+asc%2C+start_at+desc&page=1&per_page=100 (API error details)
"API error details: {\"error\":\"internal-server-error\"}"
'API error details: {"error":"internal-server-error"}'
--------------------------------------------------
[2026-04-12T18:15:19.289Z]
Context: fetchAllPaginated: https://api.brasiljunior.org.br/v1/portal/Ej/alpha-international-jr/role_histories?q%5Bs%5D=user_profile_name+asc%2C+start_at+desc&page=1&per_page=100
"Fetch failed with status: 500 Internal Server Error"
'Fetch failed with status: 500 Internal Server Error'
--------------------------------------------------
[2026-04-12T18:15:19.289Z]
Context: fetchAllPaginated: https://api.brasiljunior.org.br/v1/portal/Ej/alpha-international-jr/role_histories?q%5Bs%5D=user_profile_name+asc%2C+start_at+desc&page=1&per_page=100 (API error details)
"API error details: {\"error\":\"internal-server-error\"}"
'API error details: {"error":"internal-server-error"}'
--------------------------------------------------
[2026-04-12T18:15:19.296Z]
Context: fetchAllPaginated: https://api.brasiljunior.org.br/v1/portal/Ej/casec-jr/role_histories?q%5Bs%5D=user_profile_name+asc%2C+start_at+desc&page=1&per_page=100
"Fetch failed with status: 500 Internal Server Error"
'Fetch failed with status: 500 Internal Server Error'
--------------------------------------------------
[2026-04-12T18:15:19.297Z]
Context: fetchAllPaginated: https://api.brasiljunior.org.br/v1/portal/Ej/casec-jr/role_histories?q%5Bs%5D=user_profile_name+asc%2C+start_at+desc&page=1&per_page=100 (API error details)
"API error details: {\"error\":\"internal-server-error\"}"
'API error details: {"error":"internal-server-error"}'
--------------------------------------------------
[2026-04-12T18:15:19.336Z]
Context: fetchAllPaginated: https://api.brasiljunior.org.br/v1/portal/Ej/belas-artes-jr/role_histories?q%5Bs%5D=user_profile_name+asc%2C+start_at+desc&page=1&per_page=100
"Fetch failed with status: 500 Internal Server Error"
'Fetch failed with status: 500 Internal Server Error'
--------------------------------------------------
[2026-04-12T18:15:19.337Z]
Context: fetchAllPaginated: https://api.brasiljunior.org.br/v1/portal/Ej/belas-artes-jr/role_histories?q%5Bs%5D=user_profile_name+asc%2C+start_at+desc&page=1&per_page=100 (API error details)
"API error details: {\"error\":\"internal-server-error\"}"
'API error details: {"error":"internal-server-error"}'
--------------------------------------------------
[2026-04-12T18:15:19.570Z]
Context: fetchAllPaginated: https://api.brasiljunior.org.br/v1/portal/Ej/estudio-nove/role_histories?q%5Bs%5D=user_profile_name+asc%2C+start_at+desc&page=1&per_page=100
"Fetch failed with status: 500 Internal Server Error"
'Fetch failed with status: 500 Internal Server Error'
--------------------------------------------------
[2026-04-12T18:15:19.570Z]
Context: fetchAllPaginated: https://api.brasiljunior.org.br/v1/portal/Ej/estudio-nove/role_histories?q%5Bs%5D=user_profile_name+asc%2C+start_at+desc&page=1&per_page=100 (API error details)
"API error details: {\"error\":\"internal-server-error\"}"
'API error details: {"error":"internal-server-error"}'
--------------------------------------------------
[2026-04-12T18:15:19.571Z]
Context: fetchAllPaginated: https://api.brasiljunior.org.br/v1/portal/Ej/empresa-junior-de-gestao-ambiental/role_histories?q%5Bs%5D=user_profile_name+asc%2C+start_at+desc&page=1&per_page=100
"Fetch failed with status: 500 Internal Server Error"
'Fetch failed with status: 500 Internal Server Error'
--------------------------------------------------
[2026-04-12T18:15:19.572Z]
Context: fetchAllPaginated: https://api.brasiljunior.org.br/v1/portal/Ej/empresa-junior-de-gestao-ambiental/role_histories?q%5Bs%5D=user_profile_name+asc%2C+start_at+desc&page=1&per_page=100 (API error details)
"API error details: {\"error\":\"internal-server-error\"}"
'API error details: {"error":"internal-server-error"}'
--------------------------------------------------
[2026-04-12T18:15:19.599Z]
Context: fetchAllPaginated: https://api.brasiljunior.org.br/v1/portal/Ej/principia-junior/role_histories?q%5Bs%5D=user_profile_name+asc%2C+start_at+desc&page=1&per_page=100
"Fetch failed with status: 500 Internal Server Error"
'Fetch failed with status: 500 Internal Server Error'
--------------------------------------------------
[2026-04-12T18:15:19.599Z]
Context: fetchAllPaginated: https://api.brasiljunior.org.br/v1/portal/Ej/principia-junior/role_histories?q%5Bs%5D=user_profile_name+asc%2C+start_at+desc&page=1&per_page=100 (API error details)
"API error details: {\"error\":\"internal-server-error\"}"
'API error details: {"error":"internal-server-error"}'
--------------------------------------------------
[2026-04-12T18:15:19.601Z]
Context: fetchAllPaginated: https://api.brasiljunior.org.br/v1/portal/Ej/trinus-jr/role_histories?q%5Bs%5D=user_profile_name+asc%2C+start_at+desc&page=1&per_page=100
"Fetch failed with status: 500 Internal Server Error"
'Fetch failed with status: 500 Internal Server Error'
--------------------------------------------------
[2026-04-12T18:15:19.602Z]
Context: fetchAllPaginated: https://api.brasiljunior.org.br/v1/portal/Ej/trinus-jr/role_histories?q%5Bs%5D=user_profile_name+asc%2C+start_at+desc&page=1&per_page=100 (API error details)
"API error details: {\"error\":\"internal-server-error\"}"
'API error details: {"error":"internal-server-error"}'
--------------------------------------------------
[2026-04-12T18:15:19.605Z]
Context: fetchAllPaginated: https://api.brasiljunior.org.br/v1/portal/Ej/solbio/role_histories?q%5Bs%5D=user_profile_name+asc%2C+start_at+desc&page=1&per_page=100
"Fetch failed with status: 500 Internal Server Error"
'Fetch failed with status: 500 Internal Server Error'
--------------------------------------------------
[2026-04-12T18:15:19.608Z]
Context: fetchAllPaginated: https://api.brasiljunior.org.br/v1/portal/Ej/solbio/role_histories?q%5Bs%5D=user_profile_name+asc%2C+start_at+desc&page=1&per_page=100 (API error details)
"API error details: {\"error\":\"internal-server-error\"}"
'API error details: {"error":"internal-server-error"}'
--------------------------------------------------
[2026-04-12T18:15:19.818Z]
Context: fetchAllPaginated: https://api.brasiljunior.org.br/v1/portal/Ej/scitec-jr/role_histories?q%5Bs%5D=user_profile_name+asc%2C+start_at+desc&page=1&per_page=100
"Fetch failed with status: 500 Internal Server Error"
'Fetch failed with status: 500 Internal Server Error'
--------------------------------------------------
[2026-04-12T18:15:19.819Z]
Context: fetchAllPaginated: https://api.brasiljunior.org.br/v1/portal/Ej/scitec-jr/role_histories?q%5Bs%5D=user_profile_name+asc%2C+start_at+desc&page=1&per_page=100 (API error details)
"API error details: {\"error\":\"internal-server-error\"}"
'API error details: {"error":"internal-server-error"}'
--------------------------------------------------
[2026-04-12T18:15:19.852Z]
Context: fetchAllPaginated: https://api.brasiljunior.org.br/v1/portal/Ej/lzt-junior/role_histories?q%5Bs%5D=user_profile_name+asc%2C+start_at+desc&page=1&per_page=100
"Fetch failed with status: 500 Internal Server Error"
'Fetch failed with status: 500 Internal Server Error'
--------------------------------------------------
[2026-04-12T18:15:19.853Z]
Context: fetchAllPaginated: https://api.brasiljunior.org.br/v1/portal/Ej/lzt-junior/role_histories?q%5Bs%5D=user_profile_name+asc%2C+start_at+desc&page=1&per_page=100 (API error details)
"API error details: {\"error\":\"internal-server-error\"}"
'API error details: {"error":"internal-server-error"}'
--------------------------------------------------
[2026-04-12T18:15:19.874Z]
Context: fetchAllPaginated: https://api.brasiljunior.org.br/v1/portal/Ej/fauuspjr/role_histories?q%5Bs%5D=user_profile_name+asc%2C+start_at+desc&page=1&per_page=100
"Fetch failed with status: 500 Internal Server Error"
'Fetch failed with status: 500 Internal Server Error'
--------------------------------------------------
[2026-04-12T18:15:19.875Z]
Context: fetchAllPaginated: https://api.brasiljunior.org.br/v1/portal/Ej/fauuspjr/role_histories?q%5Bs%5D=user_profile_name+asc%2C+start_at+desc&page=1&per_page=100 (API error details)
"API error details: {\"error\":\"internal-server-error\"}"
'API error details: {"error":"internal-server-error"}'
--------------------------------------------------
[2026-04-12T18:15:19.878Z]
Context: fetchAllPaginated: https://api.brasiljunior.org.br/v1/portal/Ej/cejur-fgv/role_histories?q%5Bs%5D=user_profile_name+asc%2C+start_at+desc&page=1&per_page=100
"Fetch failed with status: 500 Internal Server Error"
'Fetch failed with status: 500 Internal Server Error'
--------------------------------------------------
[2026-04-12T18:15:19.879Z]
Context: fetchAllPaginated: https://api.brasiljunior.org.br/v1/portal/Ej/cejur-fgv/role_histories?q%5Bs%5D=user_profile_name+asc%2C+start_at+desc&page=1&per_page=100 (API error details)
"API error details: {\"error\":\"internal-server-error\"}"
'API error details: {"error":"internal-server-error"}'
--------------------------------------------------
[2026-04-12T18:15:19.886Z]
Context: fetchAllPaginated: https://api.brasiljunior.org.br/v1/portal/Ej/ibmec-consultant-jr/role_histories?q%5Bs%5D=user_profile_name+asc%2C+start_at+desc&page=1&per_page=100
"Fetch failed with status: 500 Internal Server Error"
'Fetch failed with status: 500 Internal Server Error'
--------------------------------------------------
[2026-04-12T18:15:19.887Z]
Context: fetchAllPaginated: https://api.brasiljunior.org.br/v1/portal/Ej/ibmec-consultant-jr/role_histories?q%5Bs%5D=user_profile_name+asc%2C+start_at+desc&page=1&per_page=100 (API error details)
"API error details: {\"error\":\"internal-server-error\"}"
'API error details: {"error":"internal-server-error"}'
--------------------------------------------------
[2026-04-12T18:15:20.123Z]
Context: fetchAllPaginated: https://api.brasiljunior.org.br/v1/portal/Ej/protos-biotec-jr/role_histories?q%5Bs%5D=user_profile_name+asc%2C+start_at+desc&page=1&per_page=100
"Fetch failed with status: 500 Internal Server Error"
'Fetch failed with status: 500 Internal Server Error'
--------------------------------------------------
[2026-04-12T18:15:20.124Z]
Context: fetchAllPaginated: https://api.brasiljunior.org.br/v1/portal/Ej/protos-biotec-jr/role_histories?q%5Bs%5D=user_profile_name+asc%2C+start_at+desc&page=1&per_page=100 (API error details)
"API error details: {\"error\":\"internal-server-error\"}"
'API error details: {"error":"internal-server-error"}'
--------------------------------------------------
[2026-04-12T18:15:20.125Z]
Context: fetchAllPaginated: https://api.brasiljunior.org.br/v1/portal/Ej/eppenjr/role_histories?q%5Bs%5D=user_profile_name+asc%2C+start_at+desc&page=1&per_page=100
"Fetch failed with status: 500 Internal Server Error"
'Fetch failed with status: 500 Internal Server Error'
--------------------------------------------------
[2026-04-12T18:15:20.125Z]
Context: fetchAllPaginated: https://api.brasiljunior.org.br/v1/portal/Ej/eppenjr/role_histories?q%5Bs%5D=user_profile_name+asc%2C+start_at+desc&page=1&per_page=100 (API error details)
"API error details: {\"error\":\"internal-server-error\"}"
'API error details: {"error":"internal-server-error"}'
--------------------------------------------------
[2026-04-12T18:15:20.144Z]
Context: fetchAllPaginated: https://api.brasiljunior.org.br/v1/portal/Ej/valejur/role_histories?q%5Bs%5D=user_profile_name+asc%2C+start_at+desc&page=1&per_page=100
"Fetch failed with status: 500 Internal Server Error"
'Fetch failed with status: 500 Internal Server Error'
--------------------------------------------------
[2026-04-12T18:15:20.146Z]
Context: fetchAllPaginated: https://api.brasiljunior.org.br/v1/portal/Ej/valejur/role_histories?q%5Bs%5D=user_profile_name+asc%2C+start_at+desc&page=1&per_page=100 (API error details)
"API error details: {\"error\":\"internal-server-error\"}"
'API error details: {"error":"internal-server-error"}'
--------------------------------------------------
[2026-04-12T18:15:20.148Z]
Context: fetchAllPaginated: https://api.brasiljunior.org.br/v1/portal/Ej/epeq-jr/role_histories?q%5Bs%5D=user_profile_name+asc%2C+start_at+desc&page=1&per_page=100
"Fetch failed with status: 500 Internal Server Error"
'Fetch failed with status: 500 Internal Server Error'
--------------------------------------------------
[2026-04-12T18:15:20.148Z]
Context: fetchAllPaginated: https://api.brasiljunior.org.br/v1/portal/Ej/epeq-jr/role_histories?q%5Bs%5D=user_profile_name+asc%2C+start_at+desc&page=1&per_page=100 (API error details)
"API error details: {\"error\":\"internal-server-error\"}"
'API error details: {"error":"internal-server-error"}'
--------------------------------------------------
[2026-04-12T18:15:20.150Z]
Context: fetchAllPaginated: https://api.brasiljunior.org.br/v1/portal/Ej/atrium-empresa-junior-de-arquitetura-e-urbanismo-da-universidade-de-taubate/role_histories?q%5Bs%5D=user_profile_name+asc%2C+start_at+desc&page=1&per_page=100
"Fetch failed with status: 500 Internal Server Error"
'Fetch failed with status: 500 Internal Server Error'
--------------------------------------------------
[2026-04-12T18:15:20.150Z]
Context: fetchAllPaginated: https://api.brasiljunior.org.br/v1/portal/Ej/atrium-empresa-junior-de-arquitetura-e-urbanismo-da-universidade-de-taubate/role_histories?q%5Bs%5D=user_profile_name+asc%2C+start_at+desc&page=1&per_page=100 (API error details)
"API error details: {\"error\":\"internal-server-error\"}"
'API error details: {"error":"internal-server-error"}'
--------------------------------------------------
[2026-04-12T18:15:20.340Z]
Context: fetchAllPaginated: https://api.brasiljunior.org.br/v1/portal/Ej/agencia-junior-de-comunicacao-mackenzie/role_histories?q%5Bs%5D=user_profile_name+asc%2C+start_at+desc&page=1&per_page=100
"Fetch failed with status: 500 Internal Server Error"
'Fetch failed with status: 500 Internal Server Error'
--------------------------------------------------
[2026-04-12T18:15:20.340Z]
Context: fetchAllPaginated: https://api.brasiljunior.org.br/v1/portal/Ej/agencia-junior-de-comunicacao-mackenzie/role_histories?q%5Bs%5D=user_profile_name+asc%2C+start_at+desc&page=1&per_page=100 (API error details)
"API error details: {\"error\":\"internal-server-error\"}"
'API error details: {"error":"internal-server-error"}'
--------------------------------------------------
[2026-04-12T18:15:20.389Z]
Context: fetchAllPaginated: https://api.brasiljunior.org.br/v1/portal/Ej/sintese-jr/role_histories?q%5Bs%5D=user_profile_name+asc%2C+start_at+desc&page=1&per_page=100
"Fetch failed with status: 500 Internal Server Error"
'Fetch failed with status: 500 Internal Server Error'
--------------------------------------------------
[2026-04-12T18:15:20.390Z]
Context: fetchAllPaginated: https://api.brasiljunior.org.br/v1/portal/Ej/sintese-jr/role_histories?q%5Bs%5D=user_profile_name+asc%2C+start_at+desc&page=1&per_page=100 (API error details)
"API error details: {\"error\":\"internal-server-error\"}"
'API error details: {"error":"internal-server-error"}'
--------------------------------------------------
[2026-04-12T18:15:20.390Z]
Context: fetchAllPaginated: https://api.brasiljunior.org.br/v1/portal/Ej/gamma-jr-engenharia/role_histories?q%5Bs%5D=user_profile_name+asc%2C+start_at+desc&page=1&per_page=100
"Fetch failed with status: 500 Internal Server Error"
'Fetch failed with status: 500 Internal Server Error'
--------------------------------------------------
[2026-04-12T18:15:20.391Z]
Context: fetchAllPaginated: https://api.brasiljunior.org.br/v1/portal/Ej/gamma-jr-engenharia/role_histories?q%5Bs%5D=user_profile_name+asc%2C+start_at+desc&page=1&per_page=100 (API error details)
"API error details: {\"error\":\"internal-server-error\"}"
'API error details: {"error":"internal-server-error"}'
--------------------------------------------------
[2026-04-12T18:15:20.392Z]
Context: fetchAllPaginated: https://api.brasiljunior.org.br/v1/portal/Ej/sanfran-jr/role_histories?q%5Bs%5D=user_profile_name+asc%2C+start_at+desc&page=1&per_page=100
"Fetch failed with status: 500 Internal Server Error"
'Fetch failed with status: 500 Internal Server Error'
--------------------------------------------------
[2026-04-12T18:15:20.392Z]
Context: fetchAllPaginated: https://api.brasiljunior.org.br/v1/portal/Ej/sanfran-jr/role_histories?q%5Bs%5D=user_profile_name+asc%2C+start_at+desc&page=1&per_page=100 (API error details)
"API error details: {\"error\":\"internal-server-error\"}"
'API error details: {"error":"internal-server-error"}'
--------------------------------------------------
[2026-04-12T18:15:20.601Z]
Context: fetchAllPaginated: https://api.brasiljunior.org.br/v1/portal/Ej/instituto-do-mar-junior/role_histories?q%5Bs%5D=user_profile_name+asc%2C+start_at+desc&page=1&per_page=100
"Fetch failed with status: 500 Internal Server Error"
'Fetch failed with status: 500 Internal Server Error'
--------------------------------------------------
[2026-04-12T18:15:20.602Z]
Context: fetchAllPaginated: https://api.brasiljunior.org.br/v1/portal/Ej/instituto-do-mar-junior/role_histories?q%5Bs%5D=user_profile_name+asc%2C+start_at+desc&page=1&per_page=100 (API error details)
"API error details: {\"error\":\"internal-server-error\"}"
'API error details: {"error":"internal-server-error"}'
--------------------------------------------------
[2026-04-12T18:15:20.833Z]
Context: fetchAllPaginated: https://api.brasiljunior.org.br/v1/portal/Ej/icbjr-sp/role_histories?q%5Bs%5D=user_profile_name+asc%2C+start_at+desc&page=1&per_page=100
"Fetch failed with status: 500 Internal Server Error"
'Fetch failed with status: 500 Internal Server Error'
--------------------------------------------------
[2026-04-12T18:15:20.834Z]
Context: fetchAllPaginated: https://api.brasiljunior.org.br/v1/portal/Ej/icbjr-sp/role_histories?q%5Bs%5D=user_profile_name+asc%2C+start_at+desc&page=1&per_page=100 (API error details)
"API error details: {\"error\":\"internal-server-error\"}"
'API error details: {"error":"internal-server-error"}'
--------------------------------------------------
[2026-04-12T18:15:20.837Z]
Context: fetchAllPaginated: https://api.brasiljunior.org.br/v1/portal/Ej/jornalismo-junior/role_histories?q%5Bs%5D=user_profile_name+asc%2C+start_at+desc&page=1&per_page=100
"Fetch failed with status: 500 Internal Server Error"
'Fetch failed with status: 500 Internal Server Error'
--------------------------------------------------
[2026-04-12T18:15:20.837Z]
Context: fetchAllPaginated: https://api.brasiljunior.org.br/v1/portal/Ej/jornalismo-junior/role_histories?q%5Bs%5D=user_profile_name+asc%2C+start_at+desc&page=1&per_page=100 (API error details)
"API error details: {\"error\":\"internal-server-error\"}"
'API error details: {"error":"internal-server-error"}'
--------------------------------------------------
[2026-04-12T18:15:20.851Z]
Context: fetchAllPaginated: https://api.brasiljunior.org.br/v1/portal/Ej/jovens-projetistas/role_histories?q%5Bs%5D=user_profile_name+asc%2C+start_at+desc&page=1&per_page=100
"Fetch failed with status: 500 Internal Server Error"
'Fetch failed with status: 500 Internal Server Error'
--------------------------------------------------
[2026-04-12T18:15:20.851Z]
Context: fetchAllPaginated: https://api.brasiljunior.org.br/v1/portal/Ej/jovens-projetistas/role_histories?q%5Bs%5D=user_profile_name+asc%2C+start_at+desc&page=1&per_page=100 (API error details)
"API error details: {\"error\":\"internal-server-error\"}"
'API error details: {"error":"internal-server-error"}'
--------------------------------------------------
[2026-04-12T18:15:20.864Z]
Context: fetchAllPaginated: https://api.brasiljunior.org.br/v1/portal/Ej/inova-quimica-jr/role_histories?q%5Bs%5D=user_profile_name+asc%2C+start_at+desc&page=1&per_page=100
"Fetch failed with status: 500 Internal Server Error"
'Fetch failed with status: 500 Internal Server Error'
--------------------------------------------------
[2026-04-12T18:15:20.865Z]
Context: fetchAllPaginated: https://api.brasiljunior.org.br/v1/portal/Ej/inova-quimica-jr/role_histories?q%5Bs%5D=user_profile_name+asc%2C+start_at+desc&page=1&per_page=100 (API error details)
"API error details: {\"error\":\"internal-server-error\"}"
'API error details: {"error":"internal-server-error"}'
--------------------------------------------------
[2026-04-12T18:15:20.866Z]
Context: fetchAllPaginated: https://api.brasiljunior.org.br/v1/portal/Ej/ri-usp-jr/role_histories?q%5Bs%5D=user_profile_name+asc%2C+start_at+desc&page=1&per_page=100
"Fetch failed with status: 500 Internal Server Error"
'Fetch failed with status: 500 Internal Server Error'
--------------------------------------------------
[2026-04-12T18:15:20.866Z]
Context: fetchAllPaginated: https://api.brasiljunior.org.br/v1/portal/Ej/ri-usp-jr/role_histories?q%5Bs%5D=user_profile_name+asc%2C+start_at+desc&page=1&per_page=100 (API error details)
"API error details: {\"error\":\"internal-server-error\"}"
'API error details: {"error":"internal-server-error"}'
--------------------------------------------------
[2026-04-12T18:15:21.059Z]
Context: fetchAllPaginated: https://api.brasiljunior.org.br/v1/portal/Ej/geo-junior-consultoria/role_histories?q%5Bs%5D=user_profile_name+asc%2C+start_at+desc&page=1&per_page=100
"Fetch failed with status: 500 Internal Server Error"
'Fetch failed with status: 500 Internal Server Error'
--------------------------------------------------
[2026-04-12T18:15:21.060Z]
Context: fetchAllPaginated: https://api.brasiljunior.org.br/v1/portal/Ej/geo-junior-consultoria/role_histories?q%5Bs%5D=user_profile_name+asc%2C+start_at+desc&page=1&per_page=100 (API error details)
"API error details: {\"error\":\"internal-server-error\"}"
'API error details: {"error":"internal-server-error"}'
--------------------------------------------------
[2026-04-12T18:15:21.130Z]
Context: fetchAllPaginated: https://api.brasiljunior.org.br/v1/portal/Ej/iag-jr/role_histories?q%5Bs%5D=user_profile_name+asc%2C+start_at+desc&page=1&per_page=100
"Fetch failed with status: 500 Internal Server Error"
'Fetch failed with status: 500 Internal Server Error'
--------------------------------------------------
[2026-04-12T18:15:21.131Z]
Context: fetchAllPaginated: https://api.brasiljunior.org.br/v1/portal/Ej/iag-jr/role_histories?q%5Bs%5D=user_profile_name+asc%2C+start_at+desc&page=1&per_page=100 (API error details)
"API error details: {\"error\":\"internal-server-error\"}"
'API error details: {"error":"internal-server-error"}'
--------------------------------------------------
[2026-04-12T18:15:21.133Z]
Context: fetchAllPaginated: https://api.brasiljunior.org.br/v1/portal/Ej/eefusp-junior-consultoria/role_histories?q%5Bs%5D=user_profile_name+asc%2C+start_at+desc&page=1&per_page=100
"Fetch failed with status: 500 Internal Server Error"
'Fetch failed with status: 500 Internal Server Error'
--------------------------------------------------
[2026-04-12T18:15:21.133Z]
Context: fetchAllPaginated: https://api.brasiljunior.org.br/v1/portal/Ej/eefusp-junior-consultoria/role_histories?q%5Bs%5D=user_profile_name+asc%2C+start_at+desc&page=1&per_page=100 (API error details)
"API error details: {\"error\":\"internal-server-error\"}"
'API error details: {"error":"internal-server-error"}'
--------------------------------------------------
[2026-04-12T18:15:21.136Z]
Context: fetchAllPaginated: https://api.brasiljunior.org.br/v1/portal/Ej/farma-junior/role_histories?q%5Bs%5D=user_profile_name+asc%2C+start_at+desc&page=1&per_page=100
"Fetch failed with status: 500 Internal Server Error"
'Fetch failed with status: 500 Internal Server Error'
--------------------------------------------------
[2026-04-12T18:15:21.137Z]
Context: fetchAllPaginated: https://api.brasiljunior.org.br/v1/portal/Ej/farma-junior/role_histories?q%5Bs%5D=user_profile_name+asc%2C+start_at+desc&page=1&per_page=100 (API error details)
"API error details: {\"error\":\"internal-server-error\"}"
'API error details: {"error":"internal-server-error"}'
--------------------------------------------------
[2026-04-12T18:15:21.138Z]
Context: fetchAllPaginated: https://api.brasiljunior.org.br/v1/portal/Ej/nutri-jr-usp/role_histories?q%5Bs%5D=user_profile_name+asc%2C+start_at+desc&page=1&per_page=100
"Fetch failed with status: 500 Internal Server Error"
'Fetch failed with status: 500 Internal Server Error'
--------------------------------------------------
[2026-04-12T18:15:21.139Z]
Context: fetchAllPaginated: https://api.brasiljunior.org.br/v1/portal/Ej/nutri-jr-usp/role_histories?q%5Bs%5D=user_profile_name+asc%2C+start_at+desc&page=1&per_page=100 (API error details)
"API error details: {\"error\":\"internal-server-error\"}"
'API error details: {"error":"internal-server-error"}'
--------------------------------------------------
[2026-04-12T18:15:21.352Z]
Context: fetchAllPaginated: https://api.brasiljunior.org.br/v1/portal/Ej/prisma-consultoria-internacional/role_histories?q%5Bs%5D=user_profile_name+asc%2C+start_at+desc&page=1&per_page=100
"Fetch failed with status: 500 Internal Server Error"
'Fetch failed with status: 500 Internal Server Error'
--------------------------------------------------
[2026-04-12T18:15:21.352Z]
Context: fetchAllPaginated: https://api.brasiljunior.org.br/v1/portal/Ej/prisma-consultoria-internacional/role_histories?q%5Bs%5D=user_profile_name+asc%2C+start_at+desc&page=1&per_page=100 (API error details)
"API error details: {\"error\":\"internal-server-error\"}"
'API error details: {"error":"internal-server-error"}'
--------------------------------------------------
[2026-04-12T18:15:21.383Z]
Context: fetchAllPaginated: https://api.brasiljunior.org.br/v1/portal/Ej/eel-junior/role_histories?q%5Bs%5D=user_profile_name+asc%2C+start_at+desc&page=1&per_page=100
"Fetch failed with status: 500 Internal Server Error"
'Fetch failed with status: 500 Internal Server Error'
--------------------------------------------------
[2026-04-12T18:15:21.383Z]
Context: fetchAllPaginated: https://api.brasiljunior.org.br/v1/portal/Ej/eel-junior/role_histories?q%5Bs%5D=user_profile_name+asc%2C+start_at+desc&page=1&per_page=100 (API error details)
"API error details: {\"error\":\"internal-server-error\"}"
'API error details: {"error":"internal-server-error"}'
--------------------------------------------------
[2026-04-12T18:15:21.393Z]
Context: fetchAllPaginated: https://api.brasiljunior.org.br/v1/portal/Ej/ufabc-jr/role_histories?q%5Bs%5D=user_profile_name+asc%2C+start_at+desc&page=1&per_page=100
"Fetch failed with status: 500 Internal Server Error"
'Fetch failed with status: 500 Internal Server Error'
--------------------------------------------------
[2026-04-12T18:15:21.394Z]
Context: fetchAllPaginated: https://api.brasiljunior.org.br/v1/portal/Ej/ufabc-jr/role_histories?q%5Bs%5D=user_profile_name+asc%2C+start_at+desc&page=1&per_page=100 (API error details)
"API error details: {\"error\":\"internal-server-error\"}"
'API error details: {"error":"internal-server-error"}'
--------------------------------------------------
[2026-04-12T18:15:21.395Z]
Context: fetchAllPaginated: https://api.brasiljunior.org.br/v1/portal/Ej/marketing-junior-usp/role_histories?q%5Bs%5D=user_profile_name+asc%2C+start_at+desc&page=1&per_page=100
"Fetch failed with status: 500 Internal Server Error"
'Fetch failed with status: 500 Internal Server Error'
--------------------------------------------------
[2026-04-12T18:15:21.396Z]
Context: fetchAllPaginated: https://api.brasiljunior.org.br/v1/portal/Ej/marketing-junior-usp/role_histories?q%5Bs%5D=user_profile_name+asc%2C+start_at+desc&page=1&per_page=100 (API error details)
"API error details: {\"error\":\"internal-server-error\"}"
'API error details: {"error":"internal-server-error"}'
--------------------------------------------------
[2026-04-12T18:15:21.403Z]
Context: fetchAllPaginated: https://api.brasiljunior.org.br/v1/portal/Ej/ejem/role_histories?q%5Bs%5D=user_profile_name+asc%2C+start_at+desc&page=1&per_page=100
"Fetch failed with status: 500 Internal Server Error"
'Fetch failed with status: 500 Internal Server Error'
--------------------------------------------------
[2026-04-12T18:15:21.404Z]
Context: fetchAllPaginated: https://api.brasiljunior.org.br/v1/portal/Ej/ejem/role_histories?q%5Bs%5D=user_profile_name+asc%2C+start_at+desc&page=1&per_page=100 (API error details)
"API error details: {\"error\":\"internal-server-error\"}"
'API error details: {"error":"internal-server-error"}'
--------------------------------------------------
[2026-04-12T18:15:21.658Z]
Context: fetchAllPaginated: https://api.brasiljunior.org.br/v1/portal/Ej/consultoria-junior-publica-fgv/role_histories?q%5Bs%5D=user_profile_name+asc%2C+start_at+desc&page=1&per_page=100
"Fetch failed with status: 500 Internal Server Error"
'Fetch failed with status: 500 Internal Server Error'
--------------------------------------------------
[2026-04-12T18:15:21.660Z]
Context: fetchAllPaginated: https://api.brasiljunior.org.br/v1/portal/Ej/consultoria-junior-publica-fgv/role_histories?q%5Bs%5D=user_profile_name+asc%2C+start_at+desc&page=1&per_page=100 (API error details)
"API error details: {\"error\":\"internal-server-error\"}"
'API error details: {"error":"internal-server-error"}'
--------------------------------------------------
[2026-04-12T18:15:21.663Z]
Context: fetchAllPaginated: https://api.brasiljunior.org.br/v1/portal/Ej/ejav/role_histories?q%5Bs%5D=user_profile_name+asc%2C+start_at+desc&page=1&per_page=100
"Fetch failed with status: 500 Internal Server Error"
'Fetch failed with status: 500 Internal Server Error'
--------------------------------------------------
[2026-04-12T18:15:21.664Z]
Context: fetchAllPaginated: https://api.brasiljunior.org.br/v1/portal/Ej/ejav/role_histories?q%5Bs%5D=user_profile_name+asc%2C+start_at+desc&page=1&per_page=100 (API error details)
"API error details: {\"error\":\"internal-server-error\"}"
'API error details: {"error":"internal-server-error"}'
--------------------------------------------------
[2026-04-12T18:15:21.673Z]
Context: fetchAllPaginated: https://api.brasiljunior.org.br/v1/portal/Ej/consultoria-rh-junior/role_histories?q%5Bs%5D=user_profile_name+asc%2C+start_at+desc&page=1&per_page=100
"Fetch failed with status: 500 Internal Server Error"
'Fetch failed with status: 500 Internal Server Error'
--------------------------------------------------
[2026-04-12T18:15:21.674Z]
Context: fetchAllPaginated: https://api.brasiljunior.org.br/v1/portal/Ej/consultoria-rh-junior/role_histories?q%5Bs%5D=user_profile_name+asc%2C+start_at+desc&page=1&per_page=100 (API error details)
"API error details: {\"error\":\"internal-server-error\"}"
'API error details: {"error":"internal-server-error"}'
--------------------------------------------------
[2026-04-12T18:15:21.676Z]
Context: fetchAllPaginated: https://api.brasiljunior.org.br/v1/portal/Ej/feajuniorusp/role_histories?q%5Bs%5D=user_profile_name+asc%2C+start_at+desc&page=1&per_page=100
"Fetch failed with status: 500 Internal Server Error"
'Fetch failed with status: 500 Internal Server Error'
--------------------------------------------------
[2026-04-12T18:15:21.677Z]
Context: fetchAllPaginated: https://api.brasiljunior.org.br/v1/portal/Ej/feajuniorusp/role_histories?q%5Bs%5D=user_profile_name+asc%2C+start_at+desc&page=1&per_page=100 (API error details)
"API error details: {\"error\":\"internal-server-error\"}"
'API error details: {"error":"internal-server-error"}'
--------------------------------------------------
[2026-04-12T18:15:21.681Z]
Context: fetchAllPaginated: https://api.brasiljunior.org.br/v1/portal/Ej/puc-junior-consultoria/role_histories?q%5Bs%5D=user_profile_name+asc%2C+start_at+desc&page=1&per_page=100
"Fetch failed with status: 500 Internal Server Error"
'Fetch failed with status: 500 Internal Server Error'
--------------------------------------------------
[2026-04-12T18:15:21.682Z]
Context: fetchAllPaginated: https://api.brasiljunior.org.br/v1/portal/Ej/puc-junior-consultoria/role_histories?q%5Bs%5D=user_profile_name+asc%2C+start_at+desc&page=1&per_page=100 (API error details)
"API error details: {\"error\":\"internal-server-error\"}"
'API error details: {"error":"internal-server-error"}'
--------------------------------------------------
[2026-04-12T18:15:21.872Z]
Context: fetchAllPaginated: https://api.brasiljunior.org.br/v1/portal/Ej/empresa-junior-fgv/role_histories?q%5Bs%5D=user_profile_name+asc%2C+start_at+desc&page=1&per_page=100
"Fetch failed with status: 500 Internal Server Error"
'Fetch failed with status: 500 Internal Server Error'
--------------------------------------------------
[2026-04-12T18:15:21.874Z]
Context: fetchAllPaginated: https://api.brasiljunior.org.br/v1/portal/Ej/empresa-junior-fgv/role_histories?q%5Bs%5D=user_profile_name+asc%2C+start_at+desc&page=1&per_page=100 (API error details)
"API error details: {\"error\":\"internal-server-error\"}"
'API error details: {"error":"internal-server-error"}'
--------------------------------------------------
[2026-04-12T18:15:21.967Z]
Context: fetchAllPaginated: https://api.brasiljunior.org.br/v1/portal/Ej/jr-eng/role_histories?q%5Bs%5D=user_profile_name+asc%2C+start_at+desc&page=1&per_page=100
"Fetch failed with status: 500 Internal Server Error"
'Fetch failed with status: 500 Internal Server Error'
--------------------------------------------------
[2026-04-12T18:15:21.967Z]
Context: fetchAllPaginated: https://api.brasiljunior.org.br/v1/portal/Ej/jr-eng/role_histories?q%5Bs%5D=user_profile_name+asc%2C+start_at+desc&page=1&per_page=100 (API error details)
"API error details: {\"error\":\"internal-server-error\"}"
'API error details: {"error":"internal-server-error"}'
--------------------------------------------------
[2026-04-12T18:15:21.968Z]
Context: fetchAllPaginated: https://api.brasiljunior.org.br/v1/portal/Ej/insper-jr/role_histories?q%5Bs%5D=user_profile_name+asc%2C+start_at+desc&page=1&per_page=100
"Fetch failed with status: 500 Internal Server Error"
'Fetch failed with status: 500 Internal Server Error'
--------------------------------------------------
[2026-04-12T18:15:21.969Z]
Context: fetchAllPaginated: https://api.brasiljunior.org.br/v1/portal/Ej/insper-jr/role_histories?q%5Bs%5D=user_profile_name+asc%2C+start_at+desc&page=1&per_page=100 (API error details)
"API error details: {\"error\":\"internal-server-error\"}"
'API error details: {"error":"internal-server-error"}'
--------------------------------------------------
[2026-04-12T18:15:21.969Z]
Context: fetchAllPaginated: https://api.brasiljunior.org.br/v1/portal/Ej/empresa-junior-mackenzie-consultoria/role_histories?q%5Bs%5D=user_profile_name+asc%2C+start_at+desc&page=1&per_page=100
"Fetch failed with status: 500 Internal Server Error"
'Fetch failed with status: 500 Internal Server Error'
--------------------------------------------------
[2026-04-12T18:15:21.970Z]
Context: fetchAllPaginated: https://api.brasiljunior.org.br/v1/portal/Ej/empresa-junior-mackenzie-consultoria/role_histories?q%5Bs%5D=user_profile_name+asc%2C+start_at+desc&page=1&per_page=100 (API error details)
"API error details: {\"error\":\"internal-server-error\"}"
'API error details: {"error":"internal-server-error"}'
--------------------------------------------------
[2026-04-12T18:15:21.971Z]
Context: fetchAllPaginated: https://api.brasiljunior.org.br/v1/portal/Ej/maua-jr/role_histories?q%5Bs%5D=user_profile_name+asc%2C+start_at+desc&page=1&per_page=100
"Fetch failed with status: 500 Internal Server Error"
'Fetch failed with status: 500 Internal Server Error'
--------------------------------------------------
[2026-04-12T18:15:21.971Z]
Context: fetchAllPaginated: https://api.brasiljunior.org.br/v1/portal/Ej/maua-jr/role_histories?q%5Bs%5D=user_profile_name+asc%2C+start_at+desc&page=1&per_page=100 (API error details)
"API error details: {\"error\":\"internal-server-error\"}"
'API error details: {"error":"internal-server-error"}'
--------------------------------------------------
[2026-04-12T18:15:22.175Z]
Context: fetchAllPaginated: https://api.brasiljunior.org.br/v1/portal/Ej/ita-junior/role_histories?q%5Bs%5D=user_profile_name+asc%2C+start_at+desc&page=1&per_page=100
"Fetch failed with status: 500 Internal Server Error"
'Fetch failed with status: 500 Internal Server Error'
--------------------------------------------------
[2026-04-12T18:15:22.177Z]
Context: fetchAllPaginated: https://api.brasiljunior.org.br/v1/portal/Ej/ita-junior/role_histories?q%5Bs%5D=user_profile_name+asc%2C+start_at+desc&page=1&per_page=100 (API error details)
"API error details: {\"error\":\"internal-server-error\"}"
'API error details: {"error":"internal-server-error"}'
--------------------------------------------------
[2026-04-12T18:15:22.205Z]
Context: fetchAllPaginated: https://api.brasiljunior.org.br/v1/portal/Ej/empresa-junior-unifia-sp/role_histories?q%5Bs%5D=user_profile_name+asc%2C+start_at+desc&page=1&per_page=100
"Fetch failed with status: 500 Internal Server Error"
'Fetch failed with status: 500 Internal Server Error'
--------------------------------------------------
[2026-04-12T18:15:22.207Z]
Context: fetchAllPaginated: https://api.brasiljunior.org.br/v1/portal/Ej/empresa-junior-unifia-sp/role_histories?q%5Bs%5D=user_profile_name+asc%2C+start_at+desc&page=1&per_page=100 (API error details)
"API error details: {\"error\":\"internal-server-error\"}"
'API error details: {"error":"internal-server-error"}'
--------------------------------------------------
[2026-04-12T18:15:22.235Z]
Context: fetchAllPaginated: https://api.brasiljunior.org.br/v1/portal/Ej/poli-junior/role_histories?q%5Bs%5D=user_profile_name+asc%2C+start_at+desc&page=1&per_page=100
"Fetch failed with status: 500 Internal Server Error"
'Fetch failed with status: 500 Internal Server Error'
--------------------------------------------------
[2026-04-12T18:15:22.236Z]
Context: fetchAllPaginated: https://api.brasiljunior.org.br/v1/portal/Ej/poli-junior/role_histories?q%5Bs%5D=user_profile_name+asc%2C+start_at+desc&page=1&per_page=100 (API error details)
"API error details: {\"error\":\"internal-server-error\"}"
'API error details: {"error":"internal-server-error"}'
--------------------------------------------------
[2026-04-12T18:15:22.237Z]
Context: fetchAllPaginated: https://api.brasiljunior.org.br/v1/portal/Ej/fmjunior/role_histories?q%5Bs%5D=user_profile_name+asc%2C+start_at+desc&page=1&per_page=100
"Fetch failed with status: 500 Internal Server Error"
'Fetch failed with status: 500 Internal Server Error'
--------------------------------------------------
[2026-04-12T18:15:22.237Z]
Context: fetchAllPaginated: https://api.brasiljunior.org.br/v1/portal/Ej/fmjunior/role_histories?q%5Bs%5D=user_profile_name+asc%2C+start_at+desc&page=1&per_page=100 (API error details)
"API error details: {\"error\":\"internal-server-error\"}"
'API error details: {"error":"internal-server-error"}'
--------------------------------------------------
[2026-04-12T18:15:22.238Z]
Context: fetchAllPaginated: https://api.brasiljunior.org.br/v1/portal/Ej/agencia-de-comunicacoes-eca-jr/role_histories?q%5Bs%5D=user_profile_name+asc%2C+start_at+desc&page=1&per_page=100
"Fetch failed with status: 500 Internal Server Error"
'Fetch failed with status: 500 Internal Server Error'
--------------------------------------------------
[2026-04-12T18:15:22.239Z]
Context: fetchAllPaginated: https://api.brasiljunior.org.br/v1/portal/Ej/agencia-de-comunicacoes-eca-jr/role_histories?q%5Bs%5D=user_profile_name+asc%2C+start_at+desc&page=1&per_page=100 (API error details)
"API error details: {\"error\":\"internal-server-error\"}"
'API error details: {"error":"internal-server-error"}'
--------------------------------------------------
[2026-04-12T18:15:22.449Z]
Context: fetchAllPaginated: https://api.brasiljunior.org.br/v1/portal/Ej/beets/role_histories?q%5Bs%5D=user_profile_name+asc%2C+start_at+desc&page=1&per_page=100
"Fetch failed with status: 500 Internal Server Error"
'Fetch failed with status: 500 Internal Server Error'
--------------------------------------------------
[2026-04-12T18:15:22.450Z]
Context: fetchAllPaginated: https://api.brasiljunior.org.br/v1/portal/Ej/beets/role_histories?q%5Bs%5D=user_profile_name+asc%2C+start_at+desc&page=1&per_page=100 (API error details)
"API error details: {\"error\":\"internal-server-error\"}"
'API error details: {"error":"internal-server-error"}'
--------------------------------------------------
[2026-04-12T18:15:22.484Z]
Context: fetchAllPaginated: https://api.brasiljunior.org.br/v1/portal/Ej/fonacao-ba2244f4-01ae-4e60-9dc4-088c6abd537c/role_histories?q%5Bs%5D=user_profile_name+asc%2C+start_at+desc&page=1&per_page=100
"Fetch failed with status: 500 Internal Server Error"
'Fetch failed with status: 500 Internal Server Error'
--------------------------------------------------
[2026-04-12T18:15:22.484Z]
Context: fetchAllPaginated: https://api.brasiljunior.org.br/v1/portal/Ej/fonacao-ba2244f4-01ae-4e60-9dc4-088c6abd537c/role_histories?q%5Bs%5D=user_profile_name+asc%2C+start_at+desc&page=1&per_page=100 (API error details)
"API error details: {\"error\":\"internal-server-error\"}"
'API error details: {"error":"internal-server-error"}'
--------------------------------------------------
[2026-04-12T18:15:22.488Z]
Context: fetchAllPaginated: https://api.brasiljunior.org.br/v1/portal/Ej/mandic-jr/role_histories?q%5Bs%5D=user_profile_name+asc%2C+start_at+desc&page=1&per_page=100
"Fetch failed with status: 500 Internal Server Error"
'Fetch failed with status: 500 Internal Server Error'
--------------------------------------------------
[2026-04-12T18:15:22.489Z]
Context: fetchAllPaginated: https://api.brasiljunior.org.br/v1/portal/Ej/mandic-jr/role_histories?q%5Bs%5D=user_profile_name+asc%2C+start_at+desc&page=1&per_page=100 (API error details)
"API error details: {\"error\":\"internal-server-error\"}"
'API error details: {"error":"internal-server-error"}'
--------------------------------------------------
[2026-04-12T18:15:22.491Z]
Context: fetchAllPaginated: https://api.brasiljunior.org.br/v1/portal/Ej/fesb-junior/role_histories?q%5Bs%5D=user_profile_name+asc%2C+start_at+desc&page=1&per_page=100
"Fetch failed with status: 500 Internal Server Error"
'Fetch failed with status: 500 Internal Server Error'
--------------------------------------------------
[2026-04-12T18:15:22.491Z]
Context: fetchAllPaginated: https://api.brasiljunior.org.br/v1/portal/Ej/fesb-junior/role_histories?q%5Bs%5D=user_profile_name+asc%2C+start_at+desc&page=1&per_page=100 (API error details)
"API error details: {\"error\":\"internal-server-error\"}"
'API error details: {"error":"internal-server-error"}'
--------------------------------------------------
[2026-04-12T18:15:22.496Z]
Context: fetchAllPaginated: https://api.brasiljunior.org.br/v1/portal/Ej/2tons-producoes/role_histories?q%5Bs%5D=user_profile_name+asc%2C+start_at+desc&page=1&per_page=100
"Fetch failed with status: 500 Internal Server Error"
'Fetch failed with status: 500 Internal Server Error'
--------------------------------------------------
[2026-04-12T18:15:22.497Z]
Context: fetchAllPaginated: https://api.brasiljunior.org.br/v1/portal/Ej/2tons-producoes/role_histories?q%5Bs%5D=user_profile_name+asc%2C+start_at+desc&page=1&per_page=100 (API error details)
"API error details: {\"error\":\"internal-server-error\"}"
'API error details: {"error":"internal-server-error"}'
--------------------------------------------------
[2026-04-12T18:15:22.710Z]
Context: fetchAllPaginated: https://api.brasiljunior.org.br/v1/portal/Ej/impacta-jr/role_histories?q%5Bs%5D=user_profile_name+asc%2C+start_at+desc&page=1&per_page=100
"Fetch failed with status: 500 Internal Server Error"
'Fetch failed with status: 500 Internal Server Error'
--------------------------------------------------
[2026-04-12T18:15:22.712Z]
Context: fetchAllPaginated: https://api.brasiljunior.org.br/v1/portal/Ej/impacta-jr/role_histories?q%5Bs%5D=user_profile_name+asc%2C+start_at+desc&page=1&per_page=100 (API error details)
"API error details: {\"error\":\"internal-server-error\"}"
'API error details: {"error":"internal-server-error"}'
--------------------------------------------------
[2026-04-12T18:15:22.736Z]
Context: fetchAllPaginated: https://api.brasiljunior.org.br/v1/portal/Ej/brain-consultoria-junior/role_histories?q%5Bs%5D=user_profile_name+asc%2C+start_at+desc&page=1&per_page=100
"Fetch failed with status: 500 Internal Server Error"
'Fetch failed with status: 500 Internal Server Error'
--------------------------------------------------
[2026-04-12T18:15:22.737Z]
Context: fetchAllPaginated: https://api.brasiljunior.org.br/v1/portal/Ej/brain-consultoria-junior/role_histories?q%5Bs%5D=user_profile_name+asc%2C+start_at+desc&page=1&per_page=100 (API error details)
"API error details: {\"error\":\"internal-server-error\"}"
'API error details: {"error":"internal-server-error"}'
--------------------------------------------------
[2026-04-12T18:15:22.746Z]
Context: fetchAllPaginated: https://api.brasiljunior.org.br/v1/portal/Ej/ambiens-jr/role_histories?q%5Bs%5D=user_profile_name+asc%2C+start_at+desc&page=1&per_page=100
"Fetch failed with status: 500 Internal Server Error"
'Fetch failed with status: 500 Internal Server Error'
--------------------------------------------------
[2026-04-12T18:15:22.747Z]
Context: fetchAllPaginated: https://api.brasiljunior.org.br/v1/portal/Ej/ambiens-jr/role_histories?q%5Bs%5D=user_profile_name+asc%2C+start_at+desc&page=1&per_page=100 (API error details)
"API error details: {\"error\":\"internal-server-error\"}"
'API error details: {"error":"internal-server-error"}'
--------------------------------------------------
[2026-04-12T18:15:22.759Z]
Context: fetchAllPaginated: https://api.brasiljunior.org.br/v1/portal/Ej/delta-jr/role_histories?q%5Bs%5D=user_profile_name+asc%2C+start_at+desc&page=1&per_page=100
"Fetch failed with status: 500 Internal Server Error"
'Fetch failed with status: 500 Internal Server Error'
--------------------------------------------------
[2026-04-12T18:15:22.760Z]
Context: fetchAllPaginated: https://api.brasiljunior.org.br/v1/portal/Ej/delta-jr/role_histories?q%5Bs%5D=user_profile_name+asc%2C+start_at+desc&page=1&per_page=100 (API error details)
"API error details: {\"error\":\"internal-server-error\"}"
'API error details: {"error":"internal-server-error"}'
--------------------------------------------------
[2026-04-12T18:15:22.761Z]
Context: fetchAllPaginated: https://api.brasiljunior.org.br/v1/portal/Ej/turismo-praxis-jr-sp/role_histories?q%5Bs%5D=user_profile_name+asc%2C+start_at+desc&page=1&per_page=100
"Fetch failed with status: 500 Internal Server Error"
'Fetch failed with status: 500 Internal Server Error'
--------------------------------------------------
[2026-04-12T18:15:22.762Z]
Context: fetchAllPaginated: https://api.brasiljunior.org.br/v1/portal/Ej/turismo-praxis-jr-sp/role_histories?q%5Bs%5D=user_profile_name+asc%2C+start_at+desc&page=1&per_page=100 (API error details)
"API error details: {\"error\":\"internal-server-error\"}"
'API error details: {"error":"internal-server-error"}'
--------------------------------------------------
[2026-04-12T18:15:22.969Z]
Context: fetchAllPaginated: https://api.brasiljunior.org.br/v1/portal/Ej/esalq-junior-ejea/role_histories?q%5Bs%5D=user_profile_name+asc%2C+start_at+desc&page=1&per_page=100
"Fetch failed with status: 500 Internal Server Error"
'Fetch failed with status: 500 Internal Server Error'
--------------------------------------------------
[2026-04-12T18:15:22.969Z]
Context: fetchAllPaginated: https://api.brasiljunior.org.br/v1/portal/Ej/esalq-junior-ejea/role_histories?q%5Bs%5D=user_profile_name+asc%2C+start_at+desc&page=1&per_page=100 (API error details)
"API error details: {\"error\":\"internal-server-error\"}"
'API error details: {"error":"internal-server-error"}'
--------------------------------------------------
[2026-04-12T18:15:23.048Z]
Context: fetchAllPaginated: https://api.brasiljunior.org.br/v1/portal/Ej/ls-consultoria-junior/role_histories?q%5Bs%5D=user_profile_name+asc%2C+start_at+desc&page=1&per_page=100
"Fetch failed with status: 500 Internal Server Error"
'Fetch failed with status: 500 Internal Server Error'
--------------------------------------------------
[2026-04-12T18:15:23.049Z]
Context: fetchAllPaginated: https://api.brasiljunior.org.br/v1/portal/Ej/ls-consultoria-junior/role_histories?q%5Bs%5D=user_profile_name+asc%2C+start_at+desc&page=1&per_page=100 (API error details)
"API error details: {\"error\":\"internal-server-error\"}"
'API error details: {"error":"internal-server-error"}'
--------------------------------------------------
[2026-04-12T18:15:23.066Z]
Context: fetchAllPaginated: https://api.brasiljunior.org.br/v1/portal/Ej/cens-jr/role_histories?q%5Bs%5D=user_profile_name+asc%2C+start_at+desc&page=1&per_page=100
"Fetch failed with status: 500 Internal Server Error"
'Fetch failed with status: 500 Internal Server Error'
--------------------------------------------------
[2026-04-12T18:15:23.067Z]
Context: fetchAllPaginated: https://api.brasiljunior.org.br/v1/portal/Ej/cens-jr/role_histories?q%5Bs%5D=user_profile_name+asc%2C+start_at+desc&page=1&per_page=100 (API error details)
"API error details: {\"error\":\"internal-server-error\"}"
'API error details: {"error":"internal-server-error"}'
--------------------------------------------------
[2026-04-12T18:15:23.069Z]
Context: fetchAllPaginated: https://api.brasiljunior.org.br/v1/portal/Ej/all-quimica-consultoria-junior/role_histories?q%5Bs%5D=user_profile_name+asc%2C+start_at+desc&page=1&per_page=100
"Fetch failed with status: 500 Internal Server Error"
'Fetch failed with status: 500 Internal Server Error'
--------------------------------------------------
[2026-04-12T18:15:23.070Z]
Context: fetchAllPaginated: https://api.brasiljunior.org.br/v1/portal/Ej/all-quimica-consultoria-junior/role_histories?q%5Bs%5D=user_profile_name+asc%2C+start_at+desc&page=1&per_page=100 (API error details)
"API error details: {\"error\":\"internal-server-error\"}"
'API error details: {"error":"internal-server-error"}'
--------------------------------------------------
[2026-04-12T18:15:23.071Z]
Context: fetchAllPaginated: https://api.brasiljunior.org.br/v1/portal/Ej/mackjunior/role_histories?q%5Bs%5D=user_profile_name+asc%2C+start_at+desc&page=1&per_page=100
"Fetch failed with status: 500 Internal Server Error"
'Fetch failed with status: 500 Internal Server Error'
--------------------------------------------------
[2026-04-12T18:15:23.072Z]
Context: fetchAllPaginated: https://api.brasiljunior.org.br/v1/portal/Ej/mackjunior/role_histories?q%5Bs%5D=user_profile_name+asc%2C+start_at+desc&page=1&per_page=100 (API error details)
"API error details: {\"error\":\"internal-server-error\"}"
'API error details: {"error":"internal-server-error"}'
--------------------------------------------------
[2026-04-12T18:15:23.300Z]
Context: fetchAllPaginated: https://api.brasiljunior.org.br/v1/portal/Ej/emc/role_histories?q%5Bs%5D=user_profile_name+asc%2C+start_at+desc&page=1&per_page=100
"Fetch failed with status: 500 Internal Server Error"
'Fetch failed with status: 500 Internal Server Error'
--------------------------------------------------
[2026-04-12T18:15:23.301Z]
Context: fetchAllPaginated: https://api.brasiljunior.org.br/v1/portal/Ej/emc/role_histories?q%5Bs%5D=user_profile_name+asc%2C+start_at+desc&page=1&per_page=100 (API error details)
"API error details: {\"error\":\"internal-server-error\"}"
'API error details: {"error":"internal-server-error"}'
--------------------------------------------------
[2026-04-12T18:15:23.344Z]
Context: fetchAllPaginated: https://api.brasiljunior.org.br/v1/portal/Ej/atria-junior/role_histories?q%5Bs%5D=user_profile_name+asc%2C+start_at+desc&page=1&per_page=100
"Fetch failed with status: 500 Internal Server Error"
'Fetch failed with status: 500 Internal Server Error'
--------------------------------------------------
[2026-04-12T18:15:23.345Z]
Context: fetchAllPaginated: https://api.brasiljunior.org.br/v1/portal/Ej/atria-junior/role_histories?q%5Bs%5D=user_profile_name+asc%2C+start_at+desc&page=1&per_page=100 (API error details)
"API error details: {\"error\":\"internal-server-error\"}"
'API error details: {"error":"internal-server-error"}'
--------------------------------------------------
[2026-04-12T18:15:23.346Z]
Context: fetchAllPaginated: https://api.brasiljunior.org.br/v1/portal/Ej/ecoflorestal-jr-empresa-consultoria-florestal/role_histories?q%5Bs%5D=user_profile_name+asc%2C+start_at+desc&page=1&per_page=100
"Fetch failed with status: 500 Internal Server Error"
'Fetch failed with status: 500 Internal Server Error'
--------------------------------------------------
[2026-04-12T18:15:23.347Z]
Context: fetchAllPaginated: https://api.brasiljunior.org.br/v1/portal/Ej/ecoflorestal-jr-empresa-consultoria-florestal/role_histories?q%5Bs%5D=user_profile_name+asc%2C+start_at+desc&page=1&per_page=100 (API error details)
"API error details: {\"error\":\"internal-server-error\"}"
'API error details: {"error":"internal-server-error"}'
--------------------------------------------------
[2026-04-12T18:15:23.347Z]
Context: fetchAllPaginated: https://api.brasiljunior.org.br/v1/portal/Ej/otimiza-empresa-junior/role_histories?q%5Bs%5D=user_profile_name+asc%2C+start_at+desc&page=1&per_page=100
"Fetch failed with status: 500 Internal Server Error"
'Fetch failed with status: 500 Internal Server Error'
--------------------------------------------------
[2026-04-12T18:15:23.348Z]
Context: fetchAllPaginated: https://api.brasiljunior.org.br/v1/portal/Ej/otimiza-empresa-junior/role_histories?q%5Bs%5D=user_profile_name+asc%2C+start_at+desc&page=1&per_page=100 (API error details)
"API error details: {\"error\":\"internal-server-error\"}"
'API error details: {"error":"internal-server-error"}'
--------------------------------------------------
[2026-04-12T18:15:23.350Z]
Context: fetchAllPaginated: https://api.brasiljunior.org.br/v1/portal/Ej/odisseia-consultoria-literaria/role_histories?q%5Bs%5D=user_profile_name+asc%2C+start_at+desc&page=1&per_page=100
"Fetch failed with status: 500 Internal Server Error"
'Fetch failed with status: 500 Internal Server Error'
--------------------------------------------------
[2026-04-12T18:15:23.352Z]
Context: fetchAllPaginated: https://api.brasiljunior.org.br/v1/portal/Ej/odisseia-consultoria-literaria/role_histories?q%5Bs%5D=user_profile_name+asc%2C+start_at+desc&page=1&per_page=100 (API error details)
"API error details: {\"error\":\"internal-server-error\"}"
'API error details: {"error":"internal-server-error"}'
--------------------------------------------------
[2026-04-12T18:15:23.565Z]
Context: fetchAllPaginated: https://api.brasiljunior.org.br/v1/portal/Ej/esalq-junior-florestal/role_histories?q%5Bs%5D=user_profile_name+asc%2C+start_at+desc&page=1&per_page=100
"Fetch failed with status: 500 Internal Server Error"
'Fetch failed with status: 500 Internal Server Error'
--------------------------------------------------
[2026-04-12T18:15:23.566Z]
Context: fetchAllPaginated: https://api.brasiljunior.org.br/v1/portal/Ej/esalq-junior-florestal/role_histories?q%5Bs%5D=user_profile_name+asc%2C+start_at+desc&page=1&per_page=100 (API error details)
"API error details: {\"error\":\"internal-server-error\"}"
'API error details: {"error":"internal-server-error"}'
--------------------------------------------------
[2026-04-12T18:15:23.574Z]
Context: fetchAllPaginated: https://api.brasiljunior.org.br/v1/portal/Ej/alphabio/role_histories?q%5Bs%5D=user_profile_name+asc%2C+start_at+desc&page=1&per_page=100
"Fetch failed with status: 500 Internal Server Error"
'Fetch failed with status: 500 Internal Server Error'
--------------------------------------------------
[2026-04-12T18:15:23.575Z]
Context: fetchAllPaginated: https://api.brasiljunior.org.br/v1/portal/Ej/alphabio/role_histories?q%5Bs%5D=user_profile_name+asc%2C+start_at+desc&page=1&per_page=100 (API error details)
"API error details: {\"error\":\"internal-server-error\"}"
'API error details: {"error":"internal-server-error"}'
--------------------------------------------------
[2026-04-12T18:15:23.597Z]
Context: fetchAllPaginated: https://api.brasiljunior.org.br/v1/portal/Ej/eixo-publico-consultoria-junior/role_histories?q%5Bs%5D=user_profile_name+asc%2C+start_at+desc&page=1&per_page=100
"Fetch failed with status: 500 Internal Server Error"
'Fetch failed with status: 500 Internal Server Error'
--------------------------------------------------
[2026-04-12T18:15:23.598Z]
Context: fetchAllPaginated: https://api.brasiljunior.org.br/v1/portal/Ej/eixo-publico-consultoria-junior/role_histories?q%5Bs%5D=user_profile_name+asc%2C+start_at+desc&page=1&per_page=100 (API error details)
"API error details: {\"error\":\"internal-server-error\"}"
'API error details: {"error":"internal-server-error"}'
--------------------------------------------------
[2026-04-12T18:15:23.599Z]
Context: fetchAllPaginated: https://api.brasiljunior.org.br/v1/portal/Ej/ecap-jr/role_histories?q%5Bs%5D=user_profile_name+asc%2C+start_at+desc&page=1&per_page=100
"Fetch failed with status: 500 Internal Server Error"
'Fetch failed with status: 500 Internal Server Error'
--------------------------------------------------
[2026-04-12T18:15:23.599Z]
Context: fetchAllPaginated: https://api.brasiljunior.org.br/v1/portal/Ej/ecap-jr/role_histories?q%5Bs%5D=user_profile_name+asc%2C+start_at+desc&page=1&per_page=100 (API error details)
"API error details: {\"error\":\"internal-server-error\"}"
'API error details: {"error":"internal-server-error"}'
--------------------------------------------------
[2026-04-12T18:15:23.615Z]
Context: fetchAllPaginated: https://api.brasiljunior.org.br/v1/portal/Ej/meta-junior/role_histories?q%5Bs%5D=user_profile_name+asc%2C+start_at+desc&page=1&per_page=100
"Fetch failed with status: 500 Internal Server Error"
'Fetch failed with status: 500 Internal Server Error'
--------------------------------------------------
[2026-04-12T18:15:23.616Z]
Context: fetchAllPaginated: https://api.brasiljunior.org.br/v1/portal/Ej/meta-junior/role_histories?q%5Bs%5D=user_profile_name+asc%2C+start_at+desc&page=1&per_page=100 (API error details)
"API error details: {\"error\":\"internal-server-error\"}"
'API error details: {"error":"internal-server-error"}'
--------------------------------------------------
[2026-04-12T18:15:23.861Z]
Context: fetchAllPaginated: https://api.brasiljunior.org.br/v1/portal/Ej/promad-jr/role_histories?q%5Bs%5D=user_profile_name+asc%2C+start_at+desc&page=1&per_page=100
"Fetch failed with status: 500 Internal Server Error"
'Fetch failed with status: 500 Internal Server Error'
--------------------------------------------------
[2026-04-12T18:15:23.862Z]
Context: fetchAllPaginated: https://api.brasiljunior.org.br/v1/portal/Ej/promad-jr/role_histories?q%5Bs%5D=user_profile_name+asc%2C+start_at+desc&page=1&per_page=100 (API error details)
"API error details: {\"error\":\"internal-server-error\"}"
'API error details: {"error":"internal-server-error"}'
--------------------------------------------------
[2026-04-12T18:15:23.881Z]
Context: fetchAllPaginated: https://api.brasiljunior.org.br/v1/portal/Ej/agrologica/role_histories?q%5Bs%5D=user_profile_name+asc%2C+start_at+desc&page=1&per_page=100
"Fetch failed with status: 500 Internal Server Error"
'Fetch failed with status: 500 Internal Server Error'
--------------------------------------------------
[2026-04-12T18:15:23.881Z]
Context: fetchAllPaginated: https://api.brasiljunior.org.br/v1/portal/Ej/agrologica/role_histories?q%5Bs%5D=user_profile_name+asc%2C+start_at+desc&page=1&per_page=100 (API error details)
"API error details: {\"error\":\"internal-server-error\"}"
'API error details: {"error":"internal-server-error"}'
--------------------------------------------------
[2026-04-12T18:15:23.882Z]
Context: fetchAllPaginated: https://api.brasiljunior.org.br/v1/portal/Ej/qualitas-jr/role_histories?q%5Bs%5D=user_profile_name+asc%2C+start_at+desc&page=1&per_page=100
"Fetch failed with status: 500 Internal Server Error"
'Fetch failed with status: 500 Internal Server Error'
--------------------------------------------------
[2026-04-12T18:15:23.883Z]
Context: fetchAllPaginated: https://api.brasiljunior.org.br/v1/portal/Ej/qualitas-jr/role_histories?q%5Bs%5D=user_profile_name+asc%2C+start_at+desc&page=1&per_page=100 (API error details)
"API error details: {\"error\":\"internal-server-error\"}"
'API error details: {"error":"internal-server-error"}'
--------------------------------------------------
[2026-04-12T18:15:23.884Z]
Context: fetchAllPaginated: https://api.brasiljunior.org.br/v1/portal/Ej/lider-empresa-junior/role_histories?q%5Bs%5D=user_profile_name+asc%2C+start_at+desc&page=1&per_page=100
"Fetch failed with status: 500 Internal Server Error"
'Fetch failed with status: 500 Internal Server Error'
--------------------------------------------------
[2026-04-12T18:15:23.884Z]
Context: fetchAllPaginated: https://api.brasiljunior.org.br/v1/portal/Ej/lider-empresa-junior/role_histories?q%5Bs%5D=user_profile_name+asc%2C+start_at+desc&page=1&per_page=100 (API error details)
"API error details: {\"error\":\"internal-server-error\"}"
'API error details: {"error":"internal-server-error"}'
--------------------------------------------------
[2026-04-12T18:15:23.885Z]
Context: fetchAllPaginated: https://api.brasiljunior.org.br/v1/portal/Ej/3e-unicamp/role_histories?q%5Bs%5D=user_profile_name+asc%2C+start_at+desc&page=1&per_page=100
"Fetch failed with status: 500 Internal Server Error"
'Fetch failed with status: 500 Internal Server Error'
--------------------------------------------------
[2026-04-12T18:15:23.886Z]
Context: fetchAllPaginated: https://api.brasiljunior.org.br/v1/portal/Ej/3e-unicamp/role_histories?q%5Bs%5D=user_profile_name+asc%2C+start_at+desc&page=1&per_page=100 (API error details)
"API error details: {\"error\":\"internal-server-error\"}"
'API error details: {"error":"internal-server-error"}'
--------------------------------------------------
[2026-04-12T18:15:24.091Z]
Context: fetchAllPaginated: https://api.brasiljunior.org.br/v1/portal/Ej/projec/role_histories?q%5Bs%5D=user_profile_name+asc%2C+start_at+desc&page=1&per_page=100
"Fetch failed with status: 500 Internal Server Error"
'Fetch failed with status: 500 Internal Server Error'
--------------------------------------------------
[2026-04-12T18:15:24.092Z]
Context: fetchAllPaginated: https://api.brasiljunior.org.br/v1/portal/Ej/projec/role_histories?q%5Bs%5D=user_profile_name+asc%2C+start_at+desc&page=1&per_page=100 (API error details)
"API error details: {\"error\":\"internal-server-error\"}"
'API error details: {"error":"internal-server-error"}'
--------------------------------------------------
[2026-04-12T18:15:24.114Z]
Context: fetchAllPaginated: https://api.brasiljunior.org.br/v1/portal/Ej/conpec/role_histories?q%5Bs%5D=user_profile_name+asc%2C+start_at+desc&page=1&per_page=100
"Fetch failed with status: 500 Internal Server Error"
'Fetch failed with status: 500 Internal Server Error'
--------------------------------------------------
[2026-04-12T18:15:24.115Z]
Context: fetchAllPaginated: https://api.brasiljunior.org.br/v1/portal/Ej/conpec/role_histories?q%5Bs%5D=user_profile_name+asc%2C+start_at+desc&page=1&per_page=100 (API error details)
"API error details: {\"error\":\"internal-server-error\"}"
'API error details: {"error":"internal-server-error"}'
--------------------------------------------------
[2026-04-12T18:15:24.117Z]
Context: fetchAllPaginated: https://api.brasiljunior.org.br/v1/portal/Ej/estat-junior/role_histories?q%5Bs%5D=user_profile_name+asc%2C+start_at+desc&page=1&per_page=100
"Fetch failed with status: 500 Internal Server Error"
'Fetch failed with status: 500 Internal Server Error'
--------------------------------------------------
[2026-04-12T18:15:24.118Z]
Context: fetchAllPaginated: https://api.brasiljunior.org.br/v1/portal/Ej/estat-junior/role_histories?q%5Bs%5D=user_profile_name+asc%2C+start_at+desc&page=1&per_page=100 (API error details)
"API error details: {\"error\":\"internal-server-error\"}"
'API error details: {"error":"internal-server-error"}'
--------------------------------------------------
[2026-04-12T18:15:24.139Z]
Context: fetchAllPaginated: https://api.brasiljunior.org.br/v1/portal/Ej/quanta-jr/role_histories?q%5Bs%5D=user_profile_name+asc%2C+start_at+desc&page=1&per_page=100
"Fetch failed with status: 500 Internal Server Error"
'Fetch failed with status: 500 Internal Server Error'
--------------------------------------------------
[2026-04-12T18:15:24.140Z]
Context: fetchAllPaginated: https://api.brasiljunior.org.br/v1/portal/Ej/quanta-jr/role_histories?q%5Bs%5D=user_profile_name+asc%2C+start_at+desc&page=1&per_page=100 (API error details)
"API error details: {\"error\":\"internal-server-error\"}"
'API error details: {"error":"internal-server-error"}'
--------------------------------------------------
[2026-04-12T18:15:24.340Z]
Context: fetchAllPaginated: https://api.brasiljunior.org.br/v1/portal/Ej/propeq-projeto-e-pesquisa-em-engenharia-quimica/role_histories?q%5Bs%5D=user_profile_name+asc%2C+start_at+desc&page=1&per_page=100
"Fetch failed with status: 500 Internal Server Error"
'Fetch failed with status: 500 Internal Server Error'
--------------------------------------------------
[2026-04-12T18:15:24.340Z]
Context: fetchAllPaginated: https://api.brasiljunior.org.br/v1/portal/Ej/propeq-projeto-e-pesquisa-em-engenharia-quimica/role_histories?q%5Bs%5D=user_profile_name+asc%2C+start_at+desc&page=1&per_page=100 (API error details)
"API error details: {\"error\":\"internal-server-error\"}"
'API error details: {"error":"internal-server-error"}'
--------------------------------------------------
[2026-04-12T18:15:24.589Z]
Context: fetchAllPaginated: https://api.brasiljunior.org.br/v1/portal/Ej/dinamica-engenharia-junior/role_histories?q%5Bs%5D=user_profile_name+asc%2C+start_at+desc&page=1&per_page=100
"Fetch failed with status: 500 Internal Server Error"
'Fetch failed with status: 500 Internal Server Error'
--------------------------------------------------
[2026-04-12T18:15:24.590Z]
Context: fetchAllPaginated: https://api.brasiljunior.org.br/v1/portal/Ej/dinamica-engenharia-junior/role_histories?q%5Bs%5D=user_profile_name+asc%2C+start_at+desc&page=1&per_page=100 (API error details)
"API error details: {\"error\":\"internal-server-error\"}"
'API error details: {"error":"internal-server-error"}'
--------------------------------------------------
[2026-04-12T18:15:24.591Z]
Context: fetchAllPaginated: https://api.brasiljunior.org.br/v1/portal/Ej/pharmaceutica-jr/role_histories?q%5Bs%5D=user_profile_name+asc%2C+start_at+desc&page=1&per_page=100
"Fetch failed with status: 500 Internal Server Error"
'Fetch failed with status: 500 Internal Server Error'
--------------------------------------------------
[2026-04-12T18:15:24.591Z]
Context: fetchAllPaginated: https://api.brasiljunior.org.br/v1/portal/Ej/pharmaceutica-jr/role_histories?q%5Bs%5D=user_profile_name+asc%2C+start_at+desc&page=1&per_page=100 (API error details)
"API error details: {\"error\":\"internal-server-error\"}"
'API error details: {"error":"internal-server-error"}'
--------------------------------------------------
[2026-04-12T18:15:24.592Z]
Context: fetchAllPaginated: https://api.brasiljunior.org.br/v1/portal/Ej/motriz-empresa-junior/role_histories?q%5Bs%5D=user_profile_name+asc%2C+start_at+desc&page=1&per_page=100
"Fetch failed with status: 500 Internal Server Error"
'Fetch failed with status: 500 Internal Server Error'
--------------------------------------------------
[2026-04-12T18:15:24.593Z]
Context: fetchAllPaginated: https://api.brasiljunior.org.br/v1/portal/Ej/motriz-empresa-junior/role_histories?q%5Bs%5D=user_profile_name+asc%2C+start_at+desc&page=1&per_page=100 (API error details)
"API error details: {\"error\":\"internal-server-error\"}"
'API error details: {"error":"internal-server-error"}'
--------------------------------------------------
[2026-04-12T18:15:24.594Z]
Context: fetchAllPaginated: https://api.brasiljunior.org.br/v1/portal/Ej/economica/role_histories?q%5Bs%5D=user_profile_name+asc%2C+start_at+desc&page=1&per_page=100
"Fetch failed with status: 500 Internal Server Error"
'Fetch failed with status: 500 Internal Server Error'
--------------------------------------------------
[2026-04-12T18:15:24.595Z]
Context: fetchAllPaginated: https://api.brasiljunior.org.br/v1/portal/Ej/economica/role_histories?q%5Bs%5D=user_profile_name+asc%2C+start_at+desc&page=1&per_page=100 (API error details)
"API error details: {\"error\":\"internal-server-error\"}"
'API error details: {"error":"internal-server-error"}'
--------------------------------------------------
[2026-04-12T18:15:24.596Z]
Context: fetchAllPaginated: https://api.brasiljunior.org.br/v1/portal/Ej/gepea-consultoria-em-alimentos/role_histories?q%5Bs%5D=user_profile_name+asc%2C+start_at+desc&page=1&per_page=100
"Fetch failed with status: 500 Internal Server Error"
'Fetch failed with status: 500 Internal Server Error'
--------------------------------------------------
[2026-04-12T18:15:24.596Z]
Context: fetchAllPaginated: https://api.brasiljunior.org.br/v1/portal/Ej/gepea-consultoria-em-alimentos/role_histories?q%5Bs%5D=user_profile_name+asc%2C+start_at+desc&page=1&per_page=100 (API error details)
"API error details: {\"error\":\"internal-server-error\"}"
'API error details: {"error":"internal-server-error"}'
--------------------------------------------------
[2026-04-12T18:15:24.810Z]
Context: fetchAllPaginated: https://api.brasiljunior.org.br/v1/portal/Ej/mecatron-projetos-e-consultoria-jr/role_histories?q%5Bs%5D=user_profile_name+asc%2C+start_at+desc&page=1&per_page=100
"Fetch failed with status: 500 Internal Server Error"
'Fetch failed with status: 500 Internal Server Error'
--------------------------------------------------
[2026-04-12T18:15:24.810Z]
Context: fetchAllPaginated: https://api.brasiljunior.org.br/v1/portal/Ej/mecatron-projetos-e-consultoria-jr/role_histories?q%5Bs%5D=user_profile_name+asc%2C+start_at+desc&page=1&per_page=100 (API error details)
"API error details: {\"error\":\"internal-server-error\"}"
'API error details: {"error":"internal-server-error"}'
--------------------------------------------------
[2026-04-12T18:15:24.816Z]
Context: fetchAllPaginated: https://api.brasiljunior.org.br/v1/portal/Ej/integra/role_histories?q%5Bs%5D=user_profile_name+asc%2C+start_at+desc&page=1&per_page=100
"Fetch failed with status: 500 Internal Server Error"
'Fetch failed with status: 500 Internal Server Error'
--------------------------------------------------
[2026-04-12T18:15:24.816Z]
Context: fetchAllPaginated: https://api.brasiljunior.org.br/v1/portal/Ej/integra/role_histories?q%5Bs%5D=user_profile_name+asc%2C+start_at+desc&page=1&per_page=100 (API error details)
"API error details: {\"error\":\"internal-server-error\"}"
'API error details: {"error":"internal-server-error"}'
--------------------------------------------------
[2026-04-12T18:15:24.818Z]
Context: fetchAllPaginated: https://api.brasiljunior.org.br/v1/portal/Ej/esalq-jr-consultoria/role_histories?q%5Bs%5D=user_profile_name+asc%2C+start_at+desc&page=1&per_page=100
"Fetch failed with status: 500 Internal Server Error"
'Fetch failed with status: 500 Internal Server Error'
--------------------------------------------------
[2026-04-12T18:15:24.819Z]
Context: fetchAllPaginated: https://api.brasiljunior.org.br/v1/portal/Ej/esalq-jr-consultoria/role_histories?q%5Bs%5D=user_profile_name+asc%2C+start_at+desc&page=1&per_page=100 (API error details)
"API error details: {\"error\":\"internal-server-error\"}"
'API error details: {"error":"internal-server-error"}'
--------------------------------------------------
